user,window_start_utc,window_end_utc,satellites,point_id,lat,lon,required_interval_hours
User1,2025-01-01 00:00:00Z,2025-01-15 23:59:59Z,FLOCK 4Q-34;Global-17;ICEYE-X13;Global-19;Global-18;Landsat-8;SENTINEL-1A;SKYSAT-C11;SKYSAT-C13;TERRA SAR X,2025-01-01|0658|-33.67041|115.34043|0,-30.67041,115.34043,12
User1,2025-01-01 00:00:00Z,2025-01-15 23:59:59Z,FLOCK 4Q-34;Global-17;ICEYE-X13;Global-19;Global-18;Landsat-8;SENTINEL-1A;SKYSAT-C11;SKYSAT-C13;TERRA SAR X,2025-01-01|0701|-34.9426|117.28642|1,-31.9426,117.28642,12
User1,2025-01-01 00:00:00Z,2025-01-15 23:59:59Z,FLOCK 4Q-34;Global-17;ICEYE-X13;Global-19;Global-18;Landsat-8;SENTINEL-1A;SKYSAT-C11;SKYSAT-C13;TERRA SAR X,2025-01-01|1637|-33.42356|115.99859|2,-30.42356,115.99859,12
User1,2025-01-01 00:00:00Z,2025-01-15 23:59:59Z,FLOCK 4Q-34;Global-17;ICEYE-X13;Global-19;Global-18;Landsat-8;SENTINEL-1A;SKYSAT-C11;SKYSAT-C13;TERRA SAR X,2025-01-01|1637|-33.42431|116.00171|3,-30.42431,116.00171,12
User1,2025-01-01 00:00:00Z,2025-01-15 23:59:59Z,FLOCK 4Q-34;Global-17;ICEYE-X13;Global-19;Global-18;Landsat-8;SENTINEL-1A;SKYSAT-C11;SKYSAT-C13;TERRA SAR X,2025-01-01|1637|-34.88806|116.60606|4,-31.88806,116.60606,12
User1,2025-01-01 00:00:00Z,2025-01-15 23:59:59Z,FLOCK 4Q-34;Global-17;ICEYE-X13;Global-19;Global-18;Landsat-8;SENTINEL-1A;SKYSAT-C11;SKYSAT-C13;TERRA SAR X,2025-01-01|1637|-34.64938|118.31102|0,-31.64938,118.31102,12
User1,2025-01-01 00:00:00Z,2025-01-15 23:59:59Z,FLOCK 4Q-34;Global-17;ICEYE-X13;Global-19;Global-18;Landsat-8;SENTINEL-1A;SKYSAT-C11;SKYSAT-C13;TERRA SAR X,2025-01-01|1637|-34.65097|118.30845|1,-31.65097,118.30845,12
User1,2025-01-01 00:00:00Z,2025-01-15 23:59:59Z,FLOCK 4Q-34;Global-17;ICEYE-X13;Global-19;Global-18;Landsat-8;SENTINEL-1A;SKYSAT-C11;SKYSAT-C13;TERRA SAR X,2025-01-01|0520|-32.06363|115.91576|0,-29.06363,115.91576,12
User1,2025-01-01 00:00:00Z,2025-01-15 23:59:59Z,FLOCK 4Q-34;Global-17;ICEYE-X13;Global-19;Global-18;Landsat-8;SENTINEL-1A;SKYSAT-C11;SKYSAT-C13;TERRA SAR X,2025-01-01|0520|-32.06417|115.90752|1,-29.06417,115.90752,12
User1,2025-01-01 00:00:00Z,2025-01-15 23:59:59Z,FLOCK 4Q-34;Global-17;ICEYE-X13;Global-19;Global-18;Landsat-8;SENTINEL-1A;SKYSAT-C11;SKYSAT-C13;TERRA SAR X,2025-01-01|0520|-32.06965|115.908|2,-29.06965,115.908,12
User1,2025-01-01 00:00:00Z,2025-01-15 23:59:59Z,FLOCK 4Q-34;Global-17;ICEYE-X13;Global-19;Global-18;Landsat-8;SENTINEL-1A;SKYSAT-C11;SKYSAT-C13;TERRA SAR X,2025-01-01|0658|-31.85551|116.34745|3,-28.85551,116.34745,12
User1,2025-01-01 00:00:00Z,2025-01-15 23:59:59Z,FLOCK 4Q-34;Global-17;ICEYE-X13;Global-19;Global-18;Landsat-8;SENTINEL-1A;SKYSAT-C11;SKYSAT-C13;TERRA SAR X,2025-01-01|0658|-31.5803|117.06229|4,-28.5803,117.06229,12
User1,2025-01-01 00:00:00Z,2025-01-15 23:59:59Z,FLOCK 4Q-34;Global-17;ICEYE-X13;Global-19;Global-18;Landsat-8;SENTINEL-1A;SKYSAT-C11;SKYSAT-C13;TERRA SAR X,2025-01-01|0658|-31.58232|117.05537|5,-28.58232,117.05537,12
User1,2025-01-01 00:00:00Z,2025-01-15 23:59:59Z,FLOCK 4Q-34;Global-17;ICEYE-X13;Global-19;Global-18;Landsat-8;SENTINEL-1A;SKYSAT-C11;SKYSAT-C13;TERRA SAR X,2025-01-01|0658|-31.5812|117.05273|6,-28.5812,117.05273,12
User1,2025-01-01 00:00:00Z,2025-01-15 23:59:59Z,FLOCK 4Q-34;Global-17;ICEYE-X13;Global-19;Global-18;Landsat-8;SENTINEL-1A;SKYSAT-C11;SKYSAT-C13;TERRA SAR X,2025-01-01|0658|-31.84736|116.35162|7,-28.84736,116.35162,12
User1,2025-01-01 00:00:00Z,2025-01-15 23:59:59Z,FLOCK 4Q-34;Global-17;ICEYE-X13;Global-19;Global-18;Landsat-8;SENTINEL-1A;SKYSAT-C11;SKYSAT-C13;TERRA SAR X,2025-01-01|0658|-31.58682|117.06496|8,-28.58682,117.06496,12
User1,2025-01-01 00:00:00Z,2025-01-15 23:59:59Z,FLOCK 4Q-34;Global-17;ICEYE-X13;Global-19;Global-18;Landsat-8;SENTINEL-1A;SKYSAT-C11;SKYSAT-C13;TERRA SAR X,2025-01-01|0658|-31.84624|116.33072|9,-28.84624,116.33072,12
User1,2025-01-01 00:00:00Z,2025-01-15 23:59:59Z,FLOCK 4Q-34;Global-17;ICEYE-X13;Global-19;Global-18;Landsat-8;SENTINEL-1A;SKYSAT-C11;SKYSAT-C13;TERRA SAR X,2025-01-01|0658|-31.84794|116.32465|10,-28.84794,116.32465,12
User1,2025-01-01 00:00:00Z,2025-01-15 23:59:59Z,FLOCK 4Q-34;Global-17;ICEYE-X13;Global-19;Global-18;Landsat-8;SENTINEL-1A;SKYSAT-C11;SKYSAT-C13;TERRA SAR X,2025-01-01|0658|-31.84286|116.34275|11,-28.84286,116.34275,12
User1,2025-01-01 00:00:00Z,2025-01-15 23:59:59Z,FLOCK 4Q-34;Global-17;ICEYE-X13;Global-19;Global-18;Landsat-8;SENTINEL-1A;SKYSAT-C11;SKYSAT-C13;TERRA SAR X,2025-01-01|0658|-31.84457|116.33665|12,-28.84457,116.33665,12
User1,2025-01-01 00:00:00Z,2025-01-15 23:59:59Z,FLOCK 4Q-34;Global-17;ICEYE-X13;Global-19;Global-18;Landsat-8;SENTINEL-1A;SKYSAT-C11;SKYSAT-C13;TERRA SAR X,2025-01-01|0658|-31.85088|116.33907|13,-28.85088,116.33907,12
User1,2025-01-01 00:00:00Z,2025-01-15 23:59:59Z,FLOCK 4Q-34;Global-17;ICEYE-X13;Global-19;Global-18;Landsat-8;SENTINEL-1A;SKYSAT-C11;SKYSAT-C13;TERRA SAR X,2025-01-01|0658|-31.84919|116.34509|14,-28.84919,116.34509,12
User1,2025-01-01 00:00:00Z,2025-01-15 23:59:59Z,FLOCK 4Q-34;Global-17;ICEYE-X13;Global-19;Global-18;Landsat-8;SENTINEL-1A;SKYSAT-C11;SKYSAT-C13;TERRA SAR X,2025-01-01|0658|-31.85425|116.32703|15,-28.85425,116.32703,12
User1,2025-01-01 00:00:00Z,2025-01-15 23:59:59Z,FLOCK 4Q-34;Global-17;ICEYE-X13;Global-19;Global-18;Landsat-8;SENTINEL-1A;SKYSAT-C11;SKYSAT-C13;TERRA SAR X,2025-01-01|0658|-31.85254|116.33312|16,-28.85254,116.33312,12
User1,2025-01-01 00:00:00Z,2025-01-15 23:59:59Z,FLOCK 4Q-34;Global-17;ICEYE-X13;Global-19;Global-18;Landsat-8;SENTINEL-1A;SKYSAT-C11;SKYSAT-C13;TERRA SAR X,2025-01-01|0658|-31.84554|116.35812|17,-28.84554,116.35812,12
User1,2025-01-01 00:00:00Z,2025-01-15 23:59:59Z,FLOCK 4Q-34;Global-17;ICEYE-X13;Global-19;Global-18;Landsat-8;SENTINEL-1A;SKYSAT-C11;SKYSAT-C13;TERRA SAR X,2025-01-01|0658|-31.85444|116.34921|18,-28.85444,116.34921,12
User1,2025-01-01 00:00:00Z,2025-01-15 23:59:59Z,FLOCK 4Q-34;Global-17;ICEYE-X13;Global-19;Global-18;Landsat-8;SENTINEL-1A;SKYSAT-C11;SKYSAT-C13;TERRA SAR X,2025-01-01|0658|-31.85626|116.34285|19,-28.85626,116.34285,12
User1,2025-01-01 00:00:00Z,2025-01-15 23:59:59Z,FLOCK 4Q-34;Global-17;ICEYE-X13;Global-19;Global-18;Landsat-8;SENTINEL-1A;SKYSAT-C11;SKYSAT-C13;TERRA SAR X,2025-01-01|0658|-31.84624|116.35338|20,-28.84624,116.35338,12
User1,2025-01-01 00:00:00Z,2025-01-15 23:59:59Z,FLOCK 4Q-34;Global-17;ICEYE-X13;Global-19;Global-18;Landsat-8;SENTINEL-1A;SKYSAT-C11;SKYSAT-C13;TERRA SAR X,2025-01-01|0658|-31.84442|116.35977|21,-28.84442,116.35977,12
User1,2025-01-01 00:00:00Z,2025-01-15 23:59:59Z,FLOCK 4Q-34;Global-17;ICEYE-X13;Global-19;Global-18;Landsat-8;SENTINEL-1A;SKYSAT-C11;SKYSAT-C13;TERRA SAR X,2025-01-01|0658|-31.8533|116.32874|22,-28.8533,116.32874,12
User1,2025-01-01 00:00:00Z,2025-01-15 23:59:59Z,FLOCK 4Q-34;Global-17;ICEYE-X13;Global-19;Global-18;Landsat-8;SENTINEL-1A;SKYSAT-C11;SKYSAT-C13;TERRA SAR X,2025-01-01|0658|-31.84815|116.34673|23,-28.84815,116.34673,12
User1,2025-01-01 00:00:00Z,2025-01-15 23:59:59Z,FLOCK 4Q-34;Global-17;ICEYE-X13;Global-19;Global-18;Landsat-8;SENTINEL-1A;SKYSAT-C11;SKYSAT-C13;TERRA SAR X,2025-01-01|0658|-31.84989|116.34066|24,-28.84989,116.34066,12
User1,2025-01-01 00:00:00Z,2025-01-15 23:59:59Z,FLOCK 4Q-34;Global-17;ICEYE-X13;Global-19;Global-18;Landsat-8;SENTINEL-1A;SKYSAT-C11;SKYSAT-C13;TERRA SAR X,2025-01-01|0658|-31.84358|116.33829|25,-28.84358,116.33829,12
User1,2025-01-01 00:00:00Z,2025-01-15 23:59:59Z,FLOCK 4Q-34;Global-17;ICEYE-X13;Global-19;Global-18;Landsat-8;SENTINEL-1A;SKYSAT-C11;SKYSAT-C13;TERRA SAR X,2025-01-01|0658|-31.8418|116.34447|26,-28.8418,116.34447,12
User1,2025-01-01 00:00:00Z,2025-01-15 23:59:59Z,FLOCK 4Q-34;Global-17;ICEYE-X13;Global-19;Global-18;Landsat-8;SENTINEL-1A;SKYSAT-C11;SKYSAT-C13;TERRA SAR X,2025-01-01|0658|-31.84699|116.32635|27,-28.84699,116.32635,12
User1,2025-01-01 00:00:00Z,2025-01-15 23:59:59Z,FLOCK 4Q-34;Global-17;ICEYE-X13;Global-19;Global-18;Landsat-8;SENTINEL-1A;SKYSAT-C11;SKYSAT-C13;TERRA SAR X,2025-01-01|1637|-31.84923|116.3623|28,-28.84923,116.3623,12
User1,2025-01-01 00:00:00Z,2025-01-15 23:59:59Z,FLOCK 4Q-34;Global-17;ICEYE-X13;Global-19;Global-18;Landsat-8;SENTINEL-1A;SKYSAT-C11;SKYSAT-C13;TERRA SAR X,2025-01-01|1637|-30.89297|117.53767|29,-27.89297,117.53767,12
User1,2025-01-01 00:00:00Z,2025-01-15 23:59:59Z,FLOCK 4Q-34;Global-17;ICEYE-X13;Global-19;Global-18;Landsat-8;SENTINEL-1A;SKYSAT-C11;SKYSAT-C13;TERRA SAR X,2025-01-01|1637|-31.84|116.3912|30,-28.84,116.3912,12
User1,2025-01-01 00:00:00Z,2025-01-15 23:59:59Z,FLOCK 4Q-34;Global-17;ICEYE-X13;Global-19;Global-18;Landsat-8;SENTINEL-1A;SKYSAT-C11;SKYSAT-C13;TERRA SAR X,2025-01-01|1637|-31.84415|116.38609|31,-28.84415,116.38609,12
User1,2025-01-01 00:00:00Z,2025-01-15 23:59:59Z,FLOCK 4Q-34;Global-17;ICEYE-X13;Global-19;Global-18;Landsat-8;SENTINEL-1A;SKYSAT-C11;SKYSAT-C13;TERRA SAR X,2025-01-01|1637|-31.84334|116.38268|32,-28.84334,116.38268,12
User1,2025-01-01 00:00:00Z,2025-01-15 23:59:59Z,FLOCK 4Q-34;Global-17;ICEYE-X13;Global-19;Global-18;Landsat-8;SENTINEL-1A;SKYSAT-C11;SKYSAT-C13;TERRA SAR X,2025-01-01|1637|-31.845|116.38962|33,-28.845,116.38962,12
User1,2025-01-01 00:00:00Z,2025-01-15 23:59:59Z,FLOCK 4Q-34;Global-17;ICEYE-X13;Global-19;Global-18;Landsat-8;SENTINEL-1A;SKYSAT-C11;SKYSAT-C13;TERRA SAR X,2025-01-01|1637|-31.84586|116.39324|34,-28.84586,116.39324,12
User1,2025-01-01 00:00:00Z,2025-01-15 23:59:59Z,FLOCK 4Q-34;Global-17;ICEYE-X13;Global-19;Global-18;Landsat-8;SENTINEL-1A;SKYSAT-C11;SKYSAT-C13;TERRA SAR X,2025-01-01|1637|-31.84671|116.39679|35,-28.84671,116.39679,12
User1,2025-01-01 00:00:00Z,2025-01-15 23:59:59Z,FLOCK 4Q-34;Global-17;ICEYE-X13;Global-19;Global-18;Landsat-8;SENTINEL-1A;SKYSAT-C11;SKYSAT-C13;TERRA SAR X,2025-01-01|1637|-31.84916|116.38454|36,-28.84916,116.38454,12
User1,2025-01-01 00:00:00Z,2025-01-15 23:59:59Z,FLOCK 4Q-34;Global-17;ICEYE-X13;Global-19;Global-18;Landsat-8;SENTINEL-1A;SKYSAT-C11;SKYSAT-C13;TERRA SAR X,2025-01-01|1637|-31.84174|116.35349|37,-28.84174,116.35349,12
User1,2025-01-01 00:00:00Z,2025-01-15 23:59:59Z,FLOCK 4Q-34;Global-17;ICEYE-X13;Global-19;Global-18;Landsat-8;SENTINEL-1A;SKYSAT-C11;SKYSAT-C13;TERRA SAR X,2025-01-01|1637|-31.84256|116.35692|38,-28.84256,116.35692,12
User1,2025-01-01 00:00:00Z,2025-01-15 23:59:59Z,FLOCK 4Q-34;Global-17;ICEYE-X13;Global-19;Global-18;Landsat-8;SENTINEL-1A;SKYSAT-C11;SKYSAT-C13;TERRA SAR X,2025-01-01|1637|-31.84339|116.36039|39,-28.84339,116.36039,12
User1,2025-01-01 00:00:00Z,2025-01-15 23:59:59Z,FLOCK 4Q-34;Global-17;ICEYE-X13;Global-19;Global-18;Landsat-8;SENTINEL-1A;SKYSAT-C11;SKYSAT-C13;TERRA SAR X,2025-01-01|1637|-31.84423|116.36387|40,-28.84423,116.36387,12
User1,2025-01-01 00:00:00Z,2025-01-15 23:59:59Z,FLOCK 4Q-34;Global-17;ICEYE-X13;Global-19;Global-18;Landsat-8;SENTINEL-1A;SKYSAT-C11;SKYSAT-C13;TERRA SAR X,2025-01-01|1637|-31.84507|116.36741|41,-28.84507,116.36741,12
User1,2025-01-01 00:00:00Z,2025-01-15 23:59:59Z,FLOCK 4Q-34;Global-17;ICEYE-X13;Global-19;Global-18;Landsat-8;SENTINEL-1A;SKYSAT-C11;SKYSAT-C13;TERRA SAR X,2025-01-01|1637|-31.84591|116.37093|42,-28.84591,116.37093,12
User1,2025-01-01 00:00:00Z,2025-01-15 23:59:59Z,FLOCK 4Q-34;Global-17;ICEYE-X13;Global-19;Global-18;Landsat-8;SENTINEL-1A;SKYSAT-C11;SKYSAT-C13;TERRA SAR X,2025-01-01|1637|-31.84755|116.3778|43,-28.84755,116.3778,12
User1,2025-01-01 00:00:00Z,2025-01-15 23:59:59Z,FLOCK 4Q-34;Global-17;ICEYE-X13;Global-19;Global-18;Landsat-8;SENTINEL-1A;SKYSAT-C11;SKYSAT-C13;TERRA SAR X,2025-01-01|1637|-31.84836|116.3812|44,-28.84836,116.3812,12
User1,2025-01-01 00:00:00Z,2025-01-15 23:59:59Z,FLOCK 4Q-34;Global-17;ICEYE-X13;Global-19;Global-18;Landsat-8;SENTINEL-1A;SKYSAT-C11;SKYSAT-C13;TERRA SAR X,2025-01-01|1637|-31.84997|116.38794|45,-28.84997,116.38794,12
User1,2025-01-01 00:00:00Z,2025-01-15 23:59:59Z,FLOCK 4Q-34;Global-17;ICEYE-X13;Global-19;Global-18;Landsat-8;SENTINEL-1A;SKYSAT-C11;SKYSAT-C13;TERRA SAR X,2025-01-01|1637|-31.85081|116.39146|46,-28.85081,116.39146,12
User1,2025-01-01 00:00:00Z,2025-01-15 23:59:59Z,FLOCK 4Q-34;Global-17;ICEYE-X13;Global-19;Global-18;Landsat-8;SENTINEL-1A;SKYSAT-C11;SKYSAT-C13;TERRA SAR X,2025-01-01|1637|-31.85165|116.39499|47,-28.85165,116.39499,12
User1,2025-01-01 00:00:00Z,2025-01-15 23:59:59Z,FLOCK 4Q-34;Global-17;ICEYE-X13;Global-19;Global-18;Landsat-8;SENTINEL-1A;SKYSAT-C11;SKYSAT-C13;TERRA SAR X,2025-01-01|1637|-31.85249|116.39848|48,-28.85249,116.39848,12
User1,2025-01-01 00:00:00Z,2025-01-15 23:59:59Z,FLOCK 4Q-34;Global-17;ICEYE-X13;Global-19;Global-18;Landsat-8;SENTINEL-1A;SKYSAT-C11;SKYSAT-C13;TERRA SAR X,2025-01-01|1637|-31.8484|116.35882|49,-28.8484,116.35882,12
User1,2025-01-01 00:00:00Z,2025-01-15 23:59:59Z,FLOCK 4Q-34;Global-17;ICEYE-X13;Global-19;Global-18;Landsat-8;SENTINEL-1A;SKYSAT-C11;SKYSAT-C13;TERRA SAR X,2025-01-01|1637|-31.85496|116.38631|50,-28.85496,116.38631,12
User1,2025-01-01 00:00:00Z,2025-01-15 23:59:59Z,FLOCK 4Q-34;Global-17;ICEYE-X13;Global-19;Global-18;Landsat-8;SENTINEL-1A;SKYSAT-C11;SKYSAT-C13;TERRA SAR X,2025-01-01|1637|-31.84761|116.33289|51,-28.84761,116.33289,12
User1,2025-01-01 00:00:00Z,2025-01-15 23:59:59Z,FLOCK 4Q-34;Global-17;ICEYE-X13;Global-19;Global-18;Landsat-8;SENTINEL-1A;SKYSAT-C11;SKYSAT-C13;TERRA SAR X,2025-01-01|1637|-31.85259|116.35381|52,-28.85259,116.35381,12
User1,2025-01-01 00:00:00Z,2025-01-15 23:59:59Z,FLOCK 4Q-34;Global-17;ICEYE-X13;Global-19;Global-18;Landsat-8;SENTINEL-1A;SKYSAT-C11;SKYSAT-C13;TERRA SAR X,2025-01-01|1637|-31.85342|116.35728|53,-28.85342,116.35728,12
User1,2025-01-01 00:00:00Z,2025-01-15 23:59:59Z,FLOCK 4Q-34;Global-17;ICEYE-X13;Global-19;Global-18;Landsat-8;SENTINEL-1A;SKYSAT-C11;SKYSAT-C13;TERRA SAR X,2025-01-01|1637|-31.85426|116.36082|54,-28.85426,116.36082,12
User1,2025-01-01 00:00:00Z,2025-01-15 23:59:59Z,FLOCK 4Q-34;Global-17;ICEYE-X13;Global-19;Global-18;Landsat-8;SENTINEL-1A;SKYSAT-C11;SKYSAT-C13;TERRA SAR X,2025-01-01|1637|-31.84675|116.32932|55,-28.84675,116.32932,12
User1,2025-01-01 00:00:00Z,2025-01-15 23:59:59Z,FLOCK 4Q-34;Global-17;ICEYE-X13;Global-19;Global-18;Landsat-8;SENTINEL-1A;SKYSAT-C11;SKYSAT-C13;TERRA SAR X,2025-01-01|1637|-31.84846|116.33646|56,-28.84846,116.33646,12
User1,2025-01-01 00:00:00Z,2025-01-15 23:59:59Z,FLOCK 4Q-34;Global-17;ICEYE-X13;Global-19;Global-18;Landsat-8;SENTINEL-1A;SKYSAT-C11;SKYSAT-C13;TERRA SAR X,2025-01-01|1637|-31.85016|116.3436|57,-28.85016,116.3436,12
User1,2025-01-01 00:00:00Z,2025-01-15 23:59:59Z,FLOCK 4Q-34;Global-17;ICEYE-X13;Global-19;Global-18;Landsat-8;SENTINEL-1A;SKYSAT-C11;SKYSAT-C13;TERRA SAR X,2025-01-01|1637|-31.85098|116.34705|58,-28.85098,116.34705,12
User1,2025-01-01 00:00:00Z,2025-01-15 23:59:59Z,FLOCK 4Q-34;Global-17;ICEYE-X13;Global-19;Global-18;Landsat-8;SENTINEL-1A;SKYSAT-C11;SKYSAT-C13;TERRA SAR X,2025-01-01|1637|-31.85179|116.35044|59,-28.85179,116.35044,12
User1,2025-01-01 00:00:00Z,2025-01-15 23:59:59Z,FLOCK 4Q-34;Global-17;ICEYE-X13;Global-19;Global-18;Landsat-8;SENTINEL-1A;SKYSAT-C11;SKYSAT-C13;TERRA SAR X,2025-01-01|1637|-31.85509|116.36428|60,-28.85509,116.36428,12
User1,2025-01-01 00:00:00Z,2025-01-15 23:59:59Z,FLOCK 4Q-34;Global-17;ICEYE-X13;Global-19;Global-18;Landsat-8;SENTINEL-1A;SKYSAT-C11;SKYSAT-C13;TERRA SAR X,2025-01-01|1637|-31.85761|116.3523|61,-28.85761,116.3523,12
User1,2025-01-01 00:00:00Z,2025-01-15 23:59:59Z,FLOCK 4Q-34;Global-17;ICEYE-X13;Global-19;Global-18;Landsat-8;SENTINEL-1A;SKYSAT-C11;SKYSAT-C13;TERRA SAR X,2025-01-01|1637|-31.85516|116.34196|62,-28.85516,116.34196,12
User1,2025-01-01 00:00:00Z,2025-01-15 23:59:59Z,FLOCK 4Q-34;Global-17;ICEYE-X13;Global-19;Global-18;Landsat-8;SENTINEL-1A;SKYSAT-C11;SKYSAT-C13;TERRA SAR X,2025-01-01|1637|-31.85256|116.37624|63,-28.85256,116.37624,12
User1,2025-01-01 00:00:00Z,2025-01-15 23:59:59Z,FLOCK 4Q-34;Global-17;ICEYE-X13;Global-19;Global-18;Landsat-8;SENTINEL-1A;SKYSAT-C11;SKYSAT-C13;TERRA SAR X,2025-01-01|1637|-31.84263|116.33463|64,-28.84263,116.33463,12
User1,2025-01-01 00:00:00Z,2025-01-15 23:59:59Z,FLOCK 4Q-34;Global-17;ICEYE-X13;Global-19;Global-18;Landsat-8;SENTINEL-1A;SKYSAT-C11;SKYSAT-C13;TERRA SAR X,2025-01-01|1637|-31.84432|116.34171|65,-28.84432,116.34171,12
User1,2025-01-01 00:00:00Z,2025-01-15 23:59:59Z,FLOCK 4Q-34;Global-17;ICEYE-X13;Global-19;Global-18;Landsat-8;SENTINEL-1A;SKYSAT-C11;SKYSAT-C13;TERRA SAR X,2025-01-01|1637|-31.84516|116.34522|66,-28.84516,116.34522,12
User1,2025-01-01 00:00:00Z,2025-01-15 23:59:59Z,FLOCK 4Q-34;Global-17;ICEYE-X13;Global-19;Global-18;Landsat-8;SENTINEL-1A;SKYSAT-C11;SKYSAT-C13;TERRA SAR X,2025-01-01|1637|-32.16084|116.72139|67,-29.16084,116.72139,12
User1,2025-01-01 00:00:00Z,2025-01-15 23:59:59Z,FLOCK 4Q-34;Global-17;ICEYE-X13;Global-19;Global-18;Landsat-8;SENTINEL-1A;SKYSAT-C11;SKYSAT-C13;TERRA SAR X,2025-01-01|1637|-31.84597|116.34864|68,-28.84597,116.34864,12
User1,2025-01-01 00:00:00Z,2025-01-15 23:59:59Z,FLOCK 4Q-34;Global-17;ICEYE-X13;Global-19;Global-18;Landsat-8;SENTINEL-1A;SKYSAT-C11;SKYSAT-C13;TERRA SAR X,2025-01-01|1637|-31.84677|116.35198|69,-28.84677,116.35198,12
User1,2025-01-01 00:00:00Z,2025-01-15 23:59:59Z,FLOCK 4Q-34;Global-17;ICEYE-X13;Global-19;Global-18;Landsat-8;SENTINEL-1A;SKYSAT-C11;SKYSAT-C13;TERRA SAR X,2025-01-01|1637|-32.16134|116.72065|70,-29.16134,116.72065,12
User1,2025-01-01 00:00:00Z,2025-01-15 23:59:59Z,FLOCK 4Q-34;Global-17;ICEYE-X13;Global-19;Global-18;Landsat-8;SENTINEL-1A;SKYSAT-C11;SKYSAT-C13;TERRA SAR X,2025-01-01|1637|-31.84758|116.35536|71,-28.84758,116.35536,12
User1,2025-01-01 00:00:00Z,2025-01-15 23:59:59Z,FLOCK 4Q-34;Global-17;ICEYE-X13;Global-19;Global-18;Landsat-8;SENTINEL-1A;SKYSAT-C11;SKYSAT-C13;TERRA SAR X,2025-01-01|1637|-31.85338|116.37968|72,-28.85338,116.37968,12
User1,2025-01-01 00:00:00Z,2025-01-15 23:59:59Z,FLOCK 4Q-34;Global-17;ICEYE-X13;Global-19;Global-18;Landsat-8;SENTINEL-1A;SKYSAT-C11;SKYSAT-C13;TERRA SAR X,2025-01-01|1637|-31.85173|116.37278|73,-28.85173,116.37278,12
User1,2025-01-01 00:00:00Z,2025-01-15 23:59:59Z,FLOCK 4Q-34;Global-17;ICEYE-X13;Global-19;Global-18;Landsat-8;SENTINEL-1A;SKYSAT-C11;SKYSAT-C13;TERRA SAR X,2025-01-01|1637|-31.8509|116.36931|74,-28.8509,116.36931,12
User1,2025-01-01 00:00:00Z,2025-01-15 23:59:59Z,FLOCK 4Q-34;Global-17;ICEYE-X13;Global-19;Global-18;Landsat-8;SENTINEL-1A;SKYSAT-C11;SKYSAT-C13;TERRA SAR X,2025-01-01|1637|-31.85007|116.36581|75,-28.85007,116.36581,12
User1,2025-01-01 00:00:00Z,2025-01-15 23:59:59Z,FLOCK 4Q-34;Global-17;ICEYE-X13;Global-19;Global-18;Landsat-8;SENTINEL-1A;SKYSAT-C11;SKYSAT-C13;TERRA SAR X,2025-01-01|0520|-30.62795|120.56577|0,-27.62795,120.56577,12
User1,2025-01-01 00:00:00Z,2025-01-15 23:59:59Z,FLOCK 4Q-34;Global-17;ICEYE-X13;Global-19;Global-18;Landsat-8;SENTINEL-1A;SKYSAT-C11;SKYSAT-C13;TERRA SAR X,2025-01-01|0520|-30.6275|120.57|1,-27.6275,120.57,12
User1,2025-01-01 00:00:00Z,2025-01-15 23:59:59Z,FLOCK 4Q-34;Global-17;ICEYE-X13;Global-19;Global-18;Landsat-8;SENTINEL-1A;SKYSAT-C11;SKYSAT-C13;TERRA SAR X,2025-01-01|0520|-30.6325|120.56211|2,-27.6325,120.56211,12
User1,2025-01-01 00:00:00Z,2025-01-15 23:59:59Z,FLOCK 4Q-34;Global-17;ICEYE-X13;Global-19;Global-18;Landsat-8;SENTINEL-1A;SKYSAT-C11;SKYSAT-C13;TERRA SAR X,2025-01-01|0520|-30.63204|120.56634|3,-27.63204,120.56634,12
User1,2025-01-01 00:00:00Z,2025-01-15 23:59:59Z,FLOCK 4Q-34;Global-17;ICEYE-X13;Global-19;Global-18;Landsat-8;SENTINEL-1A;SKYSAT-C11;SKYSAT-C13;TERRA SAR X,2025-01-01|0520|-30.63704|120.55843|4,-27.63704,120.55843,12
User1,2025-01-01 00:00:00Z,2025-01-15 23:59:59Z,FLOCK 4Q-34;Global-17;ICEYE-X13;Global-19;Global-18;Landsat-8;SENTINEL-1A;SKYSAT-C11;SKYSAT-C13;TERRA SAR X,2025-01-01|0520|-30.63659|120.56264|5,-27.63659,120.56264,12
User1,2025-01-01 00:00:00Z,2025-01-15 23:59:59Z,FLOCK 4Q-34;Global-17;ICEYE-X13;Global-19;Global-18;Landsat-8;SENTINEL-1A;SKYSAT-C11;SKYSAT-C13;TERRA SAR X,2025-01-01|0520|-30.69099|120.59079|6,-27.69099,120.59079,12
User1,2025-01-01 00:00:00Z,2025-01-15 23:59:59Z,FLOCK 4Q-34;Global-17;ICEYE-X13;Global-19;Global-18;Landsat-8;SENTINEL-1A;SKYSAT-C11;SKYSAT-C13;TERRA SAR X,2025-01-01|0520|-30.69055|120.59496|7,-27.69055,120.59496,12
User1,2025-01-01 00:00:00Z,2025-01-15 23:59:59Z,FLOCK 4Q-34;Global-17;ICEYE-X13;Global-19;Global-18;Landsat-8;SENTINEL-1A;SKYSAT-C11;SKYSAT-C13;TERRA SAR X,2025-01-01|0520|-30.69596|120.583|8,-27.69596,120.583,12
User1,2025-01-01 00:00:00Z,2025-01-15 23:59:59Z,FLOCK 4Q-34;Global-17;ICEYE-X13;Global-19;Global-18;Landsat-8;SENTINEL-1A;SKYSAT-C11;SKYSAT-C13;TERRA SAR X,2025-01-01|0520|-30.69551|120.58718|9,-27.69551,120.58718,12
User1,2025-01-01 00:00:00Z,2025-01-15 23:59:59Z,FLOCK 4Q-34;Global-17;ICEYE-X13;Global-19;Global-18;Landsat-8;SENTINEL-1A;SKYSAT-C11;SKYSAT-C13;TERRA SAR X,2025-01-01|0520|-30.69464|120.59551|10,-27.69464,120.59551,12
User1,2025-01-01 00:00:00Z,2025-01-15 23:59:59Z,FLOCK 4Q-34;Global-17;ICEYE-X13;Global-19;Global-18;Landsat-8;SENTINEL-1A;SKYSAT-C11;SKYSAT-C13;TERRA SAR X,2025-01-01|0520|-30.70004|120.58353|11,-27.70004,120.58353,12
User1,2025-01-01 00:00:00Z,2025-01-15 23:59:59Z,FLOCK 4Q-34;Global-17;ICEYE-X13;Global-19;Global-18;Landsat-8;SENTINEL-1A;SKYSAT-C11;SKYSAT-C13;TERRA SAR X,2025-01-01|0520|-30.6996|120.58772|12,-27.6996,120.58772,12
User1,2025-01-01 00:00:00Z,2025-01-15 23:59:59Z,FLOCK 4Q-34;Global-17;ICEYE-X13;Global-19;Global-18;Landsat-8;SENTINEL-1A;SKYSAT-C11;SKYSAT-C13;TERRA SAR X,2025-01-01|0520|-30.69916|120.59188|13,-27.69916,120.59188,12
User1,2025-01-01 00:00:00Z,2025-01-15 23:59:59Z,FLOCK 4Q-34;Global-17;ICEYE-X13;Global-19;Global-18;Landsat-8;SENTINEL-1A;SKYSAT-C11;SKYSAT-C13;TERRA SAR X,2025-01-01|0520|-30.70414|120.58405|14,-27.70414,120.58405,12
User1,2025-01-01 00:00:00Z,2025-01-15 23:59:59Z,FLOCK 4Q-34;Global-17;ICEYE-X13;Global-19;Global-18;Landsat-8;SENTINEL-1A;SKYSAT-C11;SKYSAT-C13;TERRA SAR X,2025-01-01|0520|-30.70458|120.57986|15,-27.70458,120.57986,12
User2,2025-01-01 00:00:00Z,2025-01-15 23:59:59Z,FLOCK 4Q-34;Global-17;Global-18;Global-19;Landsat-8;SKYSAT-C11;SKYSAT-C13,2025-01-01|0338|-34.63677|148.45836|0,-31.63677,148.45836,12
User2,2025-01-01 00:00:00Z,2025-01-15 23:59:59Z,FLOCK 4Q-34;Global-17;Global-18;Global-19;Landsat-8;SKYSAT-C11;SKYSAT-C13,2025-01-01|0338|-34.63651|148.45705|1,-31.63651,148.45705,12
User2,2025-01-01 00:00:00Z,2025-01-15 23:59:59Z,FLOCK 4Q-34;Global-17;Global-18;Global-19;Landsat-8;SKYSAT-C11;SKYSAT-C13,2025-01-01|1456|-34.63507|148.45457|2,-31.63507,148.45457,12
User2,2025-01-01 00:00:00Z,2025-01-15 23:59:59Z,FLOCK 4Q-34;Global-17;Global-18;Global-19;Landsat-8;SKYSAT-C11;SKYSAT-C13,2025-01-01|1456|-34.63587|148.45912|3,-31.63587,148.45912,12
User2,2025-01-01 00:00:00Z,2025-01-15 23:59:59Z,FLOCK 4Q-34;Global-17;Global-18;Global-19;Landsat-8;SKYSAT-C11;SKYSAT-C13,2025-01-01|0338|-34.46813|150.89221|0,-31.46813,150.89221,12
User2,2025-01-01 00:00:00Z,2025-01-15 23:59:59Z,FLOCK 4Q-34;Global-17;Global-18;Global-19;Landsat-8;SKYSAT-C11;SKYSAT-C13,2025-01-01|0338|-34.45909|150.88132|1,-31.45909,150.88132,12
User2,2025-01-01 00:00:00Z,2025-01-15 23:59:59Z,FLOCK 4Q-34;Global-17;Global-18;Global-19;Landsat-8;SKYSAT-C11;SKYSAT-C13,2025-01-01|0338|-34.45628|150.87621|2,-31.45628,150.87621,12
User2,2025-01-01 00:00:00Z,2025-01-15 23:59:59Z,FLOCK 4Q-34;Global-17;Global-18;Global-19;Landsat-8;SKYSAT-C11;SKYSAT-C13,2025-01-01|0338|-33.18337|149.97404|3,-30.18337,149.97404,12
User2,2025-01-01 00:00:00Z,2025-01-15 23:59:59Z,FLOCK 4Q-34;Global-17;Global-18;Global-19;Landsat-8;SKYSAT-C11;SKYSAT-C13,2025-01-01|0338|-33.12378|150.37042|4,-30.12378,150.37042,12
User2,2025-01-01 00:00:00Z,2025-01-15 23:59:59Z,FLOCK 4Q-34;Global-17;Global-18;Global-19;Landsat-8;SKYSAT-C11;SKYSAT-C13,2025-01-01|0338|-33.1186|150.3829|5,-30.1186,150.3829,12
User2,2025-01-01 00:00:00Z,2025-01-15 23:59:59Z,FLOCK 4Q-34;Global-17;Global-18;Global-19;Landsat-8;SKYSAT-C11;SKYSAT-C13,2025-01-01|0338|-33.11918|150.37856|6,-30.11918,150.37856,12
User2,2025-01-01 00:00:00Z,2025-01-15 23:59:59Z,FLOCK 4Q-34;Global-17;Global-18;Global-19;Landsat-8;SKYSAT-C11;SKYSAT-C13,2025-01-01|0338|-33.11977|150.37418|7,-30.11977,150.37418,12
User2,2025-01-01 00:00:00Z,2025-01-15 23:59:59Z,FLOCK 4Q-34;Global-17;Global-18;Global-19;Landsat-8;SKYSAT-C11;SKYSAT-C13,2025-01-01|0338|-33.12036|150.3698|8,-30.12036,150.3698,12
User2,2025-01-01 00:00:00Z,2025-01-15 23:59:59Z,FLOCK 4Q-34;Global-17;Global-18;Global-19;Landsat-8;SKYSAT-C11;SKYSAT-C13,2025-01-01|0338|-33.12095|150.36534|9,-30.12095,150.36534,12
User2,2025-01-01 00:00:00Z,2025-01-15 23:59:59Z,FLOCK 4Q-34;Global-17;Global-18;Global-19;Landsat-8;SKYSAT-C11;SKYSAT-C13,2025-01-01|0338|-33.12155|150.36087|10,-30.12155,150.36087,12
User2,2025-01-01 00:00:00Z,2025-01-15 23:59:59Z,FLOCK 4Q-34;Global-17;Global-18;Global-19;Landsat-8;SKYSAT-C11;SKYSAT-C13,2025-01-01|0338|-33.11753|150.36469|11,-30.11753,150.36469,12
User2,2025-01-01 00:00:00Z,2025-01-15 23:59:59Z,FLOCK 4Q-34;Global-17;Global-18;Global-19;Landsat-8;SKYSAT-C11;SKYSAT-C13,2025-01-01|0338|-33.10999|150.39478|12,-30.10999,150.39478,12
User2,2025-01-01 00:00:00Z,2025-01-15 23:59:59Z,FLOCK 4Q-34;Global-17;Global-18;Global-19;Landsat-8;SKYSAT-C11;SKYSAT-C13,2025-01-01|0338|-33.11058|150.39038|13,-30.11058,150.39038,12
User2,2025-01-01 00:00:00Z,2025-01-15 23:59:59Z,FLOCK 4Q-34;Global-17;Global-18;Global-19;Landsat-8;SKYSAT-C11;SKYSAT-C13,2025-01-01|0338|-33.11411|150.36404|14,-30.11411,150.36404,12
User2,2025-01-01 00:00:00Z,2025-01-15 23:59:59Z,FLOCK 4Q-34;Global-17;Global-18;Global-19;Landsat-8;SKYSAT-C11;SKYSAT-C13,2025-01-01|0338|-33.10657|150.39413|15,-30.10657,150.39413,12
User2,2025-01-01 00:00:00Z,2025-01-15 23:59:59Z,FLOCK 4Q-34;Global-17;Global-18;Global-19;Landsat-8;SKYSAT-C11;SKYSAT-C13,2025-01-01|0338|-33.09971|150.39293|16,-30.09971,150.39293,12
User2,2025-01-01 00:00:00Z,2025-01-15 23:59:59Z,FLOCK 4Q-34;Global-17;Global-18;Global-19;Landsat-8;SKYSAT-C11;SKYSAT-C13,2025-01-01|0338|-33.0957|150.39673|17,-30.0957,150.39673,12
User2,2025-01-01 00:00:00Z,2025-01-15 23:59:59Z,FLOCK 4Q-34;Global-17;Global-18;Global-19;Landsat-8;SKYSAT-C11;SKYSAT-C13,2025-01-01|0338|-33.09688|150.38788|18,-30.09688,150.38788,12
User2,2025-01-01 00:00:00Z,2025-01-15 23:59:59Z,FLOCK 4Q-34;Global-17;Global-18;Global-19;Landsat-8;SKYSAT-C11;SKYSAT-C13,2025-01-01|0338|-33.09657|150.39438|19,-30.09657,150.39438,12
User2,2025-01-01 00:00:00Z,2025-01-15 23:59:59Z,FLOCK 4Q-34;Global-17;Global-18;Global-19;Landsat-8;SKYSAT-C11;SKYSAT-C13,2025-01-01|0338|-33.08972|150.39313|20,-30.08972,150.39313,12
User2,2025-01-01 00:00:00Z,2025-01-15 23:59:59Z,FLOCK 4Q-34;Global-17;Global-18;Global-19;Landsat-8;SKYSAT-C11;SKYSAT-C13,2025-01-01|0338|-33.09093|150.38426|21,-30.09093,150.38426,12
User2,2025-01-01 00:00:00Z,2025-01-15 23:59:59Z,FLOCK 4Q-34;Global-17;Global-18;Global-19;Landsat-8;SKYSAT-C11;SKYSAT-C13,2025-01-01|0338|-33.08751|150.38361|22,-30.08751,150.38361,12
User2,2025-01-01 00:00:00Z,2025-01-15 23:59:59Z,FLOCK 4Q-34;Global-17;Global-18;Global-19;Landsat-8;SKYSAT-C11;SKYSAT-C13,2025-01-01|0338|-33.08812|150.37914|23,-30.08812,150.37914,12
User2,2025-01-01 00:00:00Z,2025-01-15 23:59:59Z,FLOCK 4Q-34;Global-17;Global-18;Global-19;Landsat-8;SKYSAT-C11;SKYSAT-C13,2025-01-01|0338|-33.08873|150.37466|24,-30.08873,150.37466,12
User2,2025-01-01 00:00:00Z,2025-01-15 23:59:59Z,FLOCK 4Q-34;Global-17;Global-18;Global-19;Landsat-8;SKYSAT-C11;SKYSAT-C13,2025-01-01|0338|-33.08348|150.38736|25,-30.08348,150.38736,12
User2,2025-01-01 00:00:00Z,2025-01-15 23:59:59Z,FLOCK 4Q-34;Global-17;Global-18;Global-19;Landsat-8;SKYSAT-C11;SKYSAT-C13,2025-01-01|0338|-32.83047|151.10291|26,-29.83047,151.10291,12
User2,2025-01-01 00:00:00Z,2025-01-15 23:59:59Z,FLOCK 4Q-34;Global-17;Global-18;Global-19;Landsat-8;SKYSAT-C11;SKYSAT-C13,2025-01-01|0338|-32.83107|151.09868|27,-29.83107,151.09868,12
User2,2025-01-01 00:00:00Z,2025-01-15 23:59:59Z,FLOCK 4Q-34;Global-17;Global-18;Global-19;Landsat-8;SKYSAT-C11;SKYSAT-C13,2025-01-01|0338|-32.82652|151.10646|28,-29.82652,151.10646,12
User2,2025-01-01 00:00:00Z,2025-01-15 23:59:59Z,FLOCK 4Q-34;Global-17;Global-18;Global-19;Landsat-8;SKYSAT-C11;SKYSAT-C13,2025-01-01|0338|-32.82711|151.10222|29,-29.82711,151.10222,12
User2,2025-01-01 00:00:00Z,2025-01-15 23:59:59Z,FLOCK 4Q-34;Global-17;Global-18;Global-19;Landsat-8;SKYSAT-C11;SKYSAT-C13,2025-01-01|0338|-32.82317|151.10576|30,-29.82317,151.10576,12
User2,2025-01-01 00:00:00Z,2025-01-15 23:59:59Z,FLOCK 4Q-34;Global-17;Global-18;Global-19;Landsat-8;SKYSAT-C11;SKYSAT-C13,2025-01-01|0338|-32.81981|151.10507|31,-29.81981,151.10507,12
User2,2025-01-01 00:00:00Z,2025-01-15 23:59:59Z,FLOCK 4Q-34;Global-17;Global-18;Global-19;Landsat-8;SKYSAT-C11;SKYSAT-C13,2025-01-01|1456|-32.59966|150.68439|32,-29.59966,150.68439,12
User2,2025-01-01 00:00:00Z,2025-01-15 23:59:59Z,FLOCK 4Q-34;Global-17;Global-18;Global-19;Landsat-8;SKYSAT-C11;SKYSAT-C13,2025-01-01|1456|-32.61431|150.68959|33,-29.61431,150.68959,12
User2,2025-01-01 00:00:00Z,2025-01-15 23:59:59Z,FLOCK 4Q-34;Global-17;Global-18;Global-19;Landsat-8;SKYSAT-C11;SKYSAT-C13,2025-01-01|1456|-32.61497|150.69368|34,-29.61497,150.69368,12
User2,2025-01-01 00:00:00Z,2025-01-15 23:59:59Z,FLOCK 4Q-34;Global-17;Global-18;Global-19;Landsat-8;SKYSAT-C11;SKYSAT-C13,2025-01-01|1456|-32.62094|150.68803|35,-29.62094,150.68803,12
User2,2025-01-01 00:00:00Z,2025-01-15 23:59:59Z,FLOCK 4Q-34;Global-17;Global-18;Global-19;Landsat-8;SKYSAT-C11;SKYSAT-C13,2025-01-01|1456|-32.62027|150.68391|36,-29.62027,150.68391,12
User2,2025-01-01 00:00:00Z,2025-01-15 23:59:59Z,FLOCK 4Q-34;Global-17;Global-18;Global-19;Landsat-8;SKYSAT-C11;SKYSAT-C13,2025-01-01|1456|-32.82377|151.10176|37,-29.82377,151.10176,12
User2,2025-01-01 00:00:00Z,2025-01-15 23:59:59Z,FLOCK 4Q-34;Global-17;Global-18;Global-19;Landsat-8;SKYSAT-C11;SKYSAT-C13,2025-01-01|1456|-32.82708|151.10103|38,-29.82708,151.10103,12
User2,2025-01-01 00:00:00Z,2025-01-15 23:59:59Z,FLOCK 4Q-34;Global-17;Global-18;Global-19;Landsat-8;SKYSAT-C11;SKYSAT-C13,2025-01-01|1456|-32.80295|150.80354|39,-29.80295,150.80354,12
User2,2025-01-01 00:00:00Z,2025-01-15 23:59:59Z,FLOCK 4Q-34;Global-17;Global-18;Global-19;Landsat-8;SKYSAT-C11;SKYSAT-C13,2025-01-01|1456|-32.80491|150.79449|40,-29.80491,150.79449,12
User2,2025-01-01 00:00:00Z,2025-01-15 23:59:59Z,FLOCK 4Q-34;Global-17;Global-18;Global-19;Landsat-8;SKYSAT-C11;SKYSAT-C13,2025-01-01|1456|-32.80559|150.79865|41,-29.80559,150.79865,12
User2,2025-01-01 00:00:00Z,2025-01-15 23:59:59Z,FLOCK 4Q-34;Global-17;Global-18;Global-19;Landsat-8;SKYSAT-C11;SKYSAT-C13,2025-01-01|1456|-32.80632|150.8242|42,-29.80632,150.8242,12
User2,2025-01-01 00:00:00Z,2025-01-15 23:59:59Z,FLOCK 4Q-34;Global-17;Global-18;Global-19;Landsat-8;SKYSAT-C11;SKYSAT-C13,2025-01-01|1456|-32.80565|150.82008|43,-29.80565,150.82008,12
User2,2025-01-01 00:00:00Z,2025-01-15 23:59:59Z,FLOCK 4Q-34;Global-17;Global-18;Global-19;Landsat-8;SKYSAT-C11;SKYSAT-C13,2025-01-01|1456|-32.80497|150.81596|44,-29.80497,150.81596,12
User2,2025-01-01 00:00:00Z,2025-01-15 23:59:59Z,FLOCK 4Q-34;Global-17;Global-18;Global-19;Landsat-8;SKYSAT-C11;SKYSAT-C13,2025-01-01|1456|-32.8043|150.81183|45,-29.8043,150.81183,12
User2,2025-01-01 00:00:00Z,2025-01-15 23:59:59Z,FLOCK 4Q-34;Global-17;Global-18;Global-19;Landsat-8;SKYSAT-C11;SKYSAT-C13,2025-01-01|1456|-32.80227|150.79942|46,-29.80227,150.79942,12
User2,2025-01-01 00:00:00Z,2025-01-15 23:59:59Z,FLOCK 4Q-34;Global-17;Global-18;Global-19;Landsat-8;SKYSAT-C11;SKYSAT-C13,2025-01-01|1456|-32.80299|150.82494|47,-29.80299,150.82494,12
User2,2025-01-01 00:00:00Z,2025-01-15 23:59:59Z,FLOCK 4Q-34;Global-17;Global-18;Global-19;Landsat-8;SKYSAT-C11;SKYSAT-C13,2025-01-01|1456|-32.80233|150.82083|48,-29.80233,150.82083,12
User2,2025-01-01 00:00:00Z,2025-01-15 23:59:59Z,FLOCK 4Q-34;Global-17;Global-18;Global-19;Landsat-8;SKYSAT-C11;SKYSAT-C13,2025-01-01|1456|-32.80165|150.81671|49,-29.80165,150.81671,12
User2,2025-01-01 00:00:00Z,2025-01-15 23:59:59Z,FLOCK 4Q-34;Global-17;Global-18;Global-19;Landsat-8;SKYSAT-C11;SKYSAT-C13,2025-01-01|1456|-32.80098|150.81259|50,-29.80098,150.81259,12
User2,2025-01-01 00:00:00Z,2025-01-15 23:59:59Z,FLOCK 4Q-34;Global-17;Global-18;Global-19;Landsat-8;SKYSAT-C11;SKYSAT-C13,2025-01-01|1456|-32.80031|150.80844|51,-29.80031,150.80844,12
User2,2025-01-01 00:00:00Z,2025-01-15 23:59:59Z,FLOCK 4Q-34;Global-17;Global-18;Global-19;Landsat-8;SKYSAT-C11;SKYSAT-C13,2025-01-01|1456|-32.79699|150.8092|52,-29.79699,150.8092,12
User2,2025-01-01 00:00:00Z,2025-01-15 23:59:59Z,FLOCK 4Q-34;Global-17;Global-18;Global-19;Landsat-8;SKYSAT-C11;SKYSAT-C13,2025-01-01|1456|-32.83304|151.09544|53,-29.83304,151.09544,12
User2,2025-01-01 00:00:00Z,2025-01-15 23:59:59Z,FLOCK 4Q-34;Global-17;Global-18;Global-19;Landsat-8;SKYSAT-C11;SKYSAT-C13,2025-01-01|1456|-32.8304|151.1003|54,-29.8304,151.1003,12
User2,2025-01-01 00:00:00Z,2025-01-15 23:59:59Z,FLOCK 4Q-34;Global-17;Global-18;Global-19;Landsat-8;SKYSAT-C11;SKYSAT-C13,2025-01-01|1456|-32.82973|151.09619|55,-29.82973,151.09619,12
User2,2025-01-01 00:00:00Z,2025-01-15 23:59:59Z,FLOCK 4Q-34;Global-17;Global-18;Global-19;Landsat-8;SKYSAT-C11;SKYSAT-C13,2025-01-01|1456|-33.11178|150.39621|56,-30.11178,150.39621,12
User2,2025-01-01 00:00:00Z,2025-01-15 23:59:59Z,FLOCK 4Q-34;Global-17;Global-18;Global-19;Landsat-8;SKYSAT-C11;SKYSAT-C13,2025-01-01|1456|-33.11109|150.39206|57,-30.11109,150.39206,12
User2,2025-01-01 00:00:00Z,2025-01-15 23:59:59Z,FLOCK 4Q-34;Global-17;Global-18;Global-19;Landsat-8;SKYSAT-C11;SKYSAT-C13,2025-01-01|1456|-33.10845|150.397|58,-30.10845,150.397,12
User2,2025-01-01 00:00:00Z,2025-01-15 23:59:59Z,FLOCK 4Q-34;Global-17;Global-18;Global-19;Landsat-8;SKYSAT-C11;SKYSAT-C13,2025-01-01|1456|-33.10513|150.3978|59,-30.10513,150.3978,12
User2,2025-01-01 00:00:00Z,2025-01-15 23:59:59Z,FLOCK 4Q-34;Global-17;Global-18;Global-19;Landsat-8;SKYSAT-C11;SKYSAT-C13,2025-01-01|1456|-33.1018|150.39861|60,-30.1018,150.39861,12
User2,2025-01-01 00:00:00Z,2025-01-15 23:59:59Z,FLOCK 4Q-34;Global-17;Global-18;Global-19;Landsat-8;SKYSAT-C11;SKYSAT-C13,2025-01-01|1456|-33.10111|150.39442|61,-30.10111,150.39442,12
User2,2025-01-01 00:00:00Z,2025-01-15 23:59:59Z,FLOCK 4Q-34;Global-17;Global-18;Global-19;Landsat-8;SKYSAT-C11;SKYSAT-C13,2025-01-01|1456|-33.10249|150.40279|62,-30.10249,150.40279,12
User2,2025-01-01 00:00:00Z,2025-01-15 23:59:59Z,FLOCK 4Q-34;Global-17;Global-18;Global-19;Landsat-8;SKYSAT-C11;SKYSAT-C13,2025-01-01|1456|-33.09985|150.40775|63,-30.09985,150.40775,12
User2,2025-01-01 00:00:00Z,2025-01-15 23:59:59Z,FLOCK 4Q-34;Global-17;Global-18;Global-19;Landsat-8;SKYSAT-C11;SKYSAT-C13,2025-01-01|1456|-33.09848|150.39941|64,-30.09848,150.39941,12
User2,2025-01-01 00:00:00Z,2025-01-15 23:59:59Z,FLOCK 4Q-34;Global-17;Global-18;Global-19;Landsat-8;SKYSAT-C11;SKYSAT-C13,2025-01-01|1456|-33.09779|150.39523|65,-30.09779,150.39523,12
User2,2025-01-01 00:00:00Z,2025-01-15 23:59:59Z,FLOCK 4Q-34;Global-17;Global-18;Global-19;Landsat-8;SKYSAT-C11;SKYSAT-C13,2025-01-01|1456|-33.09917|150.40358|66,-30.09917,150.40358,12
User2,2025-01-01 00:00:00Z,2025-01-15 23:59:59Z,FLOCK 4Q-34;Global-17;Global-18;Global-19;Landsat-8;SKYSAT-C11;SKYSAT-C13,2025-01-01|1456|-33.09515|150.40021|67,-30.09515,150.40021,12
User2,2025-01-01 00:00:00Z,2025-01-15 23:59:59Z,FLOCK 4Q-34;Global-17;Global-18;Global-19;Landsat-8;SKYSAT-C11;SKYSAT-C13,2025-01-01|1456|-33.09446|150.39604|68,-30.09446,150.39604,12
User2,2025-01-01 00:00:00Z,2025-01-15 23:59:59Z,FLOCK 4Q-34;Global-17;Global-18;Global-19;Landsat-8;SKYSAT-C11;SKYSAT-C13,2025-01-01|1456|-33.09307|150.38766|69,-30.09307,150.38766,12
User2,2025-01-01 00:00:00Z,2025-01-15 23:59:59Z,FLOCK 4Q-34;Global-17;Global-18;Global-19;Landsat-8;SKYSAT-C11;SKYSAT-C13,2025-01-01|1456|-33.09584|150.40439|70,-30.09584,150.40439,12
User2,2025-01-01 00:00:00Z,2025-01-15 23:59:59Z,FLOCK 4Q-34;Global-17;Global-18;Global-19;Landsat-8;SKYSAT-C11;SKYSAT-C13,2025-01-01|1456|-33.09251|150.40517|71,-30.09251,150.40517,12
User2,2025-01-01 00:00:00Z,2025-01-15 23:59:59Z,FLOCK 4Q-34;Global-17;Global-18;Global-19;Landsat-8;SKYSAT-C11;SKYSAT-C13,2025-01-01|1456|-33.09044|150.39264|72,-30.09044,150.39264,12
User2,2025-01-01 00:00:00Z,2025-01-15 23:59:59Z,FLOCK 4Q-34;Global-17;Global-18;Global-19;Landsat-8;SKYSAT-C11;SKYSAT-C13,2025-01-01|1456|-33.08696|150.37163|73,-30.08696,150.37163,12
User2,2025-01-01 00:00:00Z,2025-01-15 23:59:59Z,FLOCK 4Q-34;Global-17;Global-18;Global-19;Landsat-8;SKYSAT-C11;SKYSAT-C13,2025-01-01|1456|-33.09183|150.401|74,-30.09183,150.401,12
User2,2025-01-01 00:00:00Z,2025-01-15 23:59:59Z,FLOCK 4Q-34;Global-17;Global-18;Global-19;Landsat-8;SKYSAT-C11;SKYSAT-C13,2025-01-01|1456|-33.0885|150.40178|75,-30.0885,150.40178,12
User2,2025-01-01 00:00:00Z,2025-01-15 23:59:59Z,FLOCK 4Q-34;Global-17;Global-18;Global-19;Landsat-8;SKYSAT-C11;SKYSAT-C13,2025-01-01|1456|-33.08781|150.3976|76,-30.08781,150.3976,12
User2,2025-01-01 00:00:00Z,2025-01-15 23:59:59Z,FLOCK 4Q-34;Global-17;Global-18;Global-19;Landsat-8;SKYSAT-C11;SKYSAT-C13,2025-01-01|1456|-33.08712|150.39342|77,-30.08712,150.39342,12
User2,2025-01-01 00:00:00Z,2025-01-15 23:59:59Z,FLOCK 4Q-34;Global-17;Global-18;Global-19;Landsat-8;SKYSAT-C11;SKYSAT-C13,2025-01-01|1456|-33.08642|150.38922|78,-30.08642,150.38922,12
User2,2025-01-01 00:00:00Z,2025-01-15 23:59:59Z,FLOCK 4Q-34;Global-17;Global-18;Global-19;Landsat-8;SKYSAT-C11;SKYSAT-C13,2025-01-01|1456|-33.08572|150.38501|79,-30.08572,150.38501,12
User2,2025-01-01 00:00:00Z,2025-01-15 23:59:59Z,FLOCK 4Q-34;Global-17;Global-18;Global-19;Landsat-8;SKYSAT-C11;SKYSAT-C13,2025-01-01|1456|-33.08503|150.38081|80,-30.08503,150.38081,12
User2,2025-01-01 00:00:00Z,2025-01-15 23:59:59Z,FLOCK 4Q-34;Global-17;Global-18;Global-19;Landsat-8;SKYSAT-C11;SKYSAT-C13,2025-01-01|1456|-33.08448|150.39838|81,-30.08448,150.39838,12
User2,2025-01-01 00:00:00Z,2025-01-15 23:59:59Z,FLOCK 4Q-34;Global-17;Global-18;Global-19;Landsat-8;SKYSAT-C11;SKYSAT-C13,2025-01-01|1456|-33.08379|150.39418|82,-30.08379,150.39418,12
User2,2025-01-01 00:00:00Z,2025-01-15 23:59:59Z,FLOCK 4Q-34;Global-17;Global-18;Global-19;Landsat-8;SKYSAT-C11;SKYSAT-C13,2025-01-01|1456|-33.08309|150.38998|83,-30.08309,150.38998,12
User2,2025-01-01 00:00:00Z,2025-01-15 23:59:59Z,FLOCK 4Q-34;Global-17;Global-18;Global-19;Landsat-8;SKYSAT-C11;SKYSAT-C13,2025-01-01|1456|-33.0824|150.38577|84,-30.0824,150.38577,12
User2,2025-01-01 00:00:00Z,2025-01-15 23:59:59Z,FLOCK 4Q-34;Global-17;Global-18;Global-19;Landsat-8;SKYSAT-C11;SKYSAT-C13,2025-01-01|1456|-33.08045|150.39496|85,-30.08045,150.39496,12
User2,2025-01-01 00:00:00Z,2025-01-15 23:59:59Z,FLOCK 4Q-34;Global-17;Global-18;Global-19;Landsat-8;SKYSAT-C11;SKYSAT-C13,2025-01-01|1456|-33.07976|150.39075|86,-30.07976,150.39075,12
User2,2025-01-01 00:00:00Z,2025-01-15 23:59:59Z,FLOCK 4Q-34;Global-17;Global-18;Global-19;Landsat-8;SKYSAT-C11;SKYSAT-C13,2025-01-01|1456|-32.81486|150.79221|87,-29.81486,150.79221,12
User2,2025-01-01 00:00:00Z,2025-01-15 23:59:59Z,FLOCK 4Q-34;Global-17;Global-18;Global-19;Landsat-8;SKYSAT-C11;SKYSAT-C13,2025-01-01|1456|-32.81553|150.79634|88,-29.81553,150.79634,12
User2,2025-01-01 00:00:00Z,2025-01-15 23:59:59Z,FLOCK 4Q-34;Global-17;Global-18;Global-19;Landsat-8;SKYSAT-C11;SKYSAT-C13,2025-01-01|1456|-32.81155|150.79298|89,-29.81155,150.79298,12
User2,2025-01-01 00:00:00Z,2025-01-15 23:59:59Z,FLOCK 4Q-34;Global-17;Global-18;Global-19;Landsat-8;SKYSAT-C11;SKYSAT-C13,2025-01-01|1456|-32.81087|150.78883|90,-29.81087,150.78883,12
User2,2025-01-01 00:00:00Z,2025-01-15 23:59:59Z,FLOCK 4Q-34;Global-17;Global-18;Global-19;Landsat-8;SKYSAT-C11;SKYSAT-C13,2025-01-01|1456|-32.81222|150.79712|91,-29.81222,150.79712,12
User2,2025-01-01 00:00:00Z,2025-01-15 23:59:59Z,FLOCK 4Q-34;Global-17;Global-18;Global-19;Landsat-8;SKYSAT-C11;SKYSAT-C13,2025-01-01|1456|-32.80823|150.79375|92,-29.80823,150.79375,12
User2,2025-01-01 00:00:00Z,2025-01-15 23:59:59Z,FLOCK 4Q-34;Global-17;Global-18;Global-19;Landsat-8;SKYSAT-C11;SKYSAT-C13,2025-01-01|1456|-32.80755|150.78961|93,-29.80755,150.78961,12
User2,2025-01-01 00:00:00Z,2025-01-15 23:59:59Z,FLOCK 4Q-34;Global-17;Global-18;Global-19;Landsat-8;SKYSAT-C11;SKYSAT-C13,2025-01-01|1456|-33.12429|150.36739|94,-30.12429,150.36739,12
User2,2025-01-01 00:00:00Z,2025-01-15 23:59:59Z,FLOCK 4Q-34;Global-17;Global-18;Global-19;Landsat-8;SKYSAT-C11;SKYSAT-C13,2025-01-01|1456|-33.11373|150.38713|95,-30.11373,150.38713,12
User2,2025-01-01 00:00:00Z,2025-01-15 23:59:59Z,FLOCK 4Q-34;Global-17;Global-18;Global-19;Landsat-8;SKYSAT-C11;SKYSAT-C13,2025-01-01|1456|-33.1197|150.38142|96,-30.1197,150.38142,12
User2,2025-01-01 00:00:00Z,2025-01-15 23:59:59Z,FLOCK 4Q-34;Global-17;Global-18;Global-19;Landsat-8;SKYSAT-C11;SKYSAT-C13,2025-01-01|1456|-33.12303|150.38065|97,-30.12303,150.38065,12
User2,2025-01-01 00:00:00Z,2025-01-15 23:59:59Z,FLOCK 4Q-34;Global-17;Global-18;Global-19;Landsat-8;SKYSAT-C11;SKYSAT-C13,2025-01-01|1456|-33.11958|150.35977|98,-30.11958,150.35977,12
User2,2025-01-01 00:00:00Z,2025-01-15 23:59:59Z,FLOCK 4Q-34;Global-17;Global-18;Global-19;Landsat-8;SKYSAT-C11;SKYSAT-C13,2025-01-01|1456|-33.12027|150.36397|99,-30.12027,150.36397,12
User2,2025-01-01 00:00:00Z,2025-01-15 23:59:59Z,FLOCK 4Q-34;Global-17;Global-18;Global-19;Landsat-8;SKYSAT-C11;SKYSAT-C13,2025-01-01|1456|-33.12096|150.36816|100,-30.12096,150.36816,12
User2,2025-01-01 00:00:00Z,2025-01-15 23:59:59Z,FLOCK 4Q-34;Global-17;Global-18;Global-19;Landsat-8;SKYSAT-C11;SKYSAT-C13,2025-01-01|1456|-33.12165|150.37234|101,-30.12165,150.37234,12
User2,2025-01-01 00:00:00Z,2025-01-15 23:59:59Z,FLOCK 4Q-34;Global-17;Global-18;Global-19;Landsat-8;SKYSAT-C11;SKYSAT-C13,2025-01-01|1456|-33.12234|150.37651|102,-30.12234,150.37651,12
User2,2025-01-01 00:00:00Z,2025-01-15 23:59:59Z,FLOCK 4Q-34;Global-17;Global-18;Global-19;Landsat-8;SKYSAT-C11;SKYSAT-C13,2025-01-01|1456|-33.1236|150.36319|103,-30.1236,150.36319,12
User2,2025-01-01 00:00:00Z,2025-01-15 23:59:59Z,FLOCK 4Q-34;Global-17;Global-18;Global-19;Landsat-8;SKYSAT-C11;SKYSAT-C13,2025-01-01|1456|-33.12498|150.37157|104,-30.12498,150.37157,12
User2,2025-01-01 00:00:00Z,2025-01-15 23:59:59Z,FLOCK 4Q-34;Global-17;Global-18;Global-19;Landsat-8;SKYSAT-C11;SKYSAT-C13,2025-01-01|1456|-33.12567|150.37572|105,-30.12567,150.37572,12
User2,2025-01-01 00:00:00Z,2025-01-15 23:59:59Z,FLOCK 4Q-34;Global-17;Global-18;Global-19;Landsat-8;SKYSAT-C11;SKYSAT-C13,2025-01-01|1456|-33.11706|150.38635|106,-30.11706,150.38635,12
User2,2025-01-01 00:00:00Z,2025-01-15 23:59:59Z,FLOCK 4Q-34;Global-17;Global-18;Global-19;Landsat-8;SKYSAT-C11;SKYSAT-C13,2025-01-01|1456|-33.12635|150.37985|107,-30.12635,150.37985,12
User2,2025-01-01 00:00:00Z,2025-01-15 23:59:59Z,FLOCK 4Q-34;Global-17;Global-18;Global-19;Landsat-8;SKYSAT-C11;SKYSAT-C13,2025-01-01|1456|-33.12762|150.36661|108,-30.12762,150.36661,12
User2,2025-01-01 00:00:00Z,2025-01-15 23:59:59Z,FLOCK 4Q-34;Global-17;Global-18;Global-19;Landsat-8;SKYSAT-C11;SKYSAT-C13,2025-01-01|1456|-33.12831|150.37077|109,-30.12831,150.37077,12
User2,2025-01-01 00:00:00Z,2025-01-15 23:59:59Z,FLOCK 4Q-34;Global-17;Global-18;Global-19;Landsat-8;SKYSAT-C11;SKYSAT-C13,2025-01-01|1456|-33.18284|149.97153|110,-30.18284,149.97153,12
User2,2025-01-01 00:00:00Z,2025-01-15 23:59:59Z,FLOCK 4Q-34;Global-17;Global-18;Global-19;Landsat-8;SKYSAT-C11;SKYSAT-C13,2025-01-01|1456|-33.18356|149.97578|111,-30.18356,149.97578,12
User2,2025-01-01 00:00:00Z,2025-01-15 23:59:59Z,FLOCK 4Q-34;Global-17;Global-18;Global-19;Landsat-8;SKYSAT-C11;SKYSAT-C13,2025-01-01|1456|-33.11441|150.39128|112,-30.11441,150.39128,12
User2,2025-01-01 00:00:00Z,2025-01-15 23:59:59Z,FLOCK 4Q-34;Global-17;Global-18;Global-19;Landsat-8;SKYSAT-C11;SKYSAT-C13,2025-01-01|0338|-31.61114|148.02734|0,-28.61114,148.02734,12
User2,2025-01-01 00:00:00Z,2025-01-15 23:59:59Z,FLOCK 4Q-34;Global-17;Global-18;Global-19;Landsat-8;SKYSAT-C11;SKYSAT-C13,2025-01-01|1456|-31.63361|148.04138|1,-28.63361,148.04138,12
User2,2025-01-01 00:00:00Z,2025-01-15 23:59:59Z,FLOCK 4Q-34;Global-17;Global-18;Global-19;Landsat-8;SKYSAT-C11;SKYSAT-C13,2025-01-01|1456|-29.41149|148.49712|2,-26.41149,148.49712,12
User2,2025-01-01 00:00:00Z,2025-01-15 23:59:59Z,FLOCK 4Q-34;Global-17;Global-18;Global-19;Landsat-8;SKYSAT-C11;SKYSAT-C13,2025-01-01|1456|-31.61052|148.03897|3,-28.61052,148.03897,12
User2,2025-01-01 00:00:00Z,2025-01-15 23:59:59Z,FLOCK 4Q-34;Global-17;Global-18;Global-19;Landsat-8;SKYSAT-C11;SKYSAT-C13,2025-01-01|1456|-31.61144|148.04391|4,-28.61144,148.04391,12
User2,2025-01-01 00:00:00Z,2025-01-15 23:59:59Z,FLOCK 4Q-34;Global-17;Global-18;Global-19;Landsat-8;SKYSAT-C11;SKYSAT-C13,2025-01-01|1456|-31.61597|148.04793|5,-28.61597,148.04793,12
User2,2025-01-01 00:00:00Z,2025-01-15 23:59:59Z,FLOCK 4Q-34;Global-17;Global-18;Global-19;Landsat-8;SKYSAT-C11;SKYSAT-C13,2025-01-01|1456|-31.61414|148.03806|6,-28.61414,148.03806,12
User2,2025-01-01 00:00:00Z,2025-01-15 23:59:59Z,FLOCK 4Q-34;Global-17;Global-18;Global-19;Landsat-8;SKYSAT-C11;SKYSAT-C13,2025-01-01|1456|-31.61506|148.043|7,-28.61506,148.043,12
User2,2025-01-01 00:00:00Z,2025-01-15 23:59:59Z,FLOCK 4Q-34;Global-17;Global-18;Global-19;Landsat-8;SKYSAT-C11;SKYSAT-C13,2025-01-01|1456|-31.61776|148.03714|8,-28.61776,148.03714,12
User2,2025-01-01 00:00:00Z,2025-01-15 23:59:59Z,FLOCK 4Q-34;Global-17;Global-18;Global-19;Landsat-8;SKYSAT-C11;SKYSAT-C13,2025-01-01|1456|-31.61959|148.047|9,-28.61959,148.047,12
User2,2025-01-01 00:00:00Z,2025-01-15 23:59:59Z,FLOCK 4Q-34;Global-17;Global-18;Global-19;Landsat-8;SKYSAT-C11;SKYSAT-C13,2025-01-01|1456|-31.62137|148.03621|10,-28.62137,148.03621,12
User2,2025-01-01 00:00:00Z,2025-01-15 23:59:59Z,FLOCK 4Q-34;Global-17;Global-18;Global-19;Landsat-8;SKYSAT-C11;SKYSAT-C13,2025-01-01|1456|-31.6232|148.04608|11,-28.6232,148.04608,12
User2,2025-01-01 00:00:00Z,2025-01-15 23:59:59Z,FLOCK 4Q-34;Global-17;Global-18;Global-19;Landsat-8;SKYSAT-C11;SKYSAT-C13,2025-01-01|1456|-31.62499|148.03528|12,-28.62499,148.03528,12
User2,2025-01-01 00:00:00Z,2025-01-15 23:59:59Z,FLOCK 4Q-34;Global-17;Global-18;Global-19;Landsat-8;SKYSAT-C11;SKYSAT-C13,2025-01-01|1456|-31.62682|148.04515|13,-28.62682,148.04515,12
User2,2025-01-01 00:00:00Z,2025-01-15 23:59:59Z,FLOCK 4Q-34;Global-17;Global-18;Global-19;Landsat-8;SKYSAT-C11;SKYSAT-C13,2025-01-01|1456|-31.6286|148.03435|14,-28.6286,148.03435,12
User2,2025-01-01 00:00:00Z,2025-01-15 23:59:59Z,FLOCK 4Q-34;Global-17;Global-18;Global-19;Landsat-8;SKYSAT-C11;SKYSAT-C13,2025-01-01|1456|-31.62952|148.03929|15,-28.62952,148.03929,12
User2,2025-01-01 00:00:00Z,2025-01-15 23:59:59Z,FLOCK 4Q-34;Global-17;Global-18;Global-19;Landsat-8;SKYSAT-C11;SKYSAT-C13,2025-01-01|1456|-31.62183|148.03923|16,-28.62183,148.03923,12
User2,2025-01-01 00:00:00Z,2025-01-15 23:59:59Z,FLOCK 4Q-34;Global-17;Global-18;Global-19;Landsat-8;SKYSAT-C11;SKYSAT-C13,2025-01-01|1456|-31.62544|148.0383|17,-28.62544,148.0383,12
User2,2025-01-01 00:00:00Z,2025-01-15 23:59:59Z,FLOCK 4Q-34;Global-17;Global-18;Global-19;Landsat-8;SKYSAT-C11;SKYSAT-C13,2025-01-01|1456|-31.62638|148.04321|18,-28.62638,148.04321,12
User2,2025-01-01 00:00:00Z,2025-01-15 23:59:59Z,FLOCK 4Q-34;Global-17;Global-18;Global-19;Landsat-8;SKYSAT-C11;SKYSAT-C13,2025-01-01|1456|-31.62906|148.03738|19,-28.62906,148.03738,12
User2,2025-01-01 00:00:00Z,2025-01-15 23:59:59Z,FLOCK 4Q-34;Global-17;Global-18;Global-19;Landsat-8;SKYSAT-C11;SKYSAT-C13,2025-01-01|1456|-31.62999|148.0423|20,-28.62999,148.0423,12
User2,2025-01-01 00:00:00Z,2025-01-15 23:59:59Z,FLOCK 4Q-34;Global-17;Global-18;Global-19;Landsat-8;SKYSAT-C11;SKYSAT-C13,2025-01-01|0338|-30.9355|150.93427|0,-27.9355,150.93427,12
User2,2025-01-01 00:00:00Z,2025-01-15 23:59:59Z,FLOCK 4Q-34;Global-17;Global-18;Global-19;Landsat-8;SKYSAT-C11;SKYSAT-C13,2025-01-01|0338|-32.31136|151.98897|1,-29.31136,151.98897,12
User2,2025-01-01 00:00:00Z,2025-01-15 23:59:59Z,FLOCK 4Q-34;Global-17;Global-18;Global-19;Landsat-8;SKYSAT-C11;SKYSAT-C13,2025-01-01|0338|-32.30804|151.98827|2,-29.30804,151.98827,12
User2,2025-01-01 00:00:00Z,2025-01-15 23:59:59Z,FLOCK 4Q-34;Global-17;Global-18;Global-19;Landsat-8;SKYSAT-C11;SKYSAT-C13,2025-01-01|0338|-32.23718|152.41043|3,-29.23718,152.41043,12
User2,2025-01-01 00:00:00Z,2025-01-15 23:59:59Z,FLOCK 4Q-34;Global-17;Global-18;Global-19;Landsat-8;SKYSAT-C11;SKYSAT-C13,2025-01-01|0338|-32.17544|152.14682|4,-29.17544,152.14682,12
User2,2025-01-01 00:00:00Z,2025-01-15 23:59:59Z,FLOCK 4Q-34;Global-17;Global-18;Global-19;Landsat-8;SKYSAT-C11;SKYSAT-C13,2025-01-01|0338|-30.93975|150.95212|5,-27.93975,150.95212,12
User2,2025-01-01 00:00:00Z,2025-01-15 23:59:59Z,FLOCK 4Q-34;Global-17;Global-18;Global-19;Landsat-8;SKYSAT-C11;SKYSAT-C13,2025-01-01|0338|-30.93642|150.95146|6,-27.93642,150.95146,12
User2,2025-01-01 00:00:00Z,2025-01-15 23:59:59Z,FLOCK 4Q-34;Global-17;Global-18;Global-19;Landsat-8;SKYSAT-C11;SKYSAT-C13,2025-01-01|0338|-30.9331|150.95076|7,-27.9331,150.95076,12
User2,2025-01-01 00:00:00Z,2025-01-15 23:59:59Z,FLOCK 4Q-34;Global-17;Global-18;Global-19;Landsat-8;SKYSAT-C11;SKYSAT-C13,2025-01-01|0338|-30.9337|150.94664|8,-27.9337,150.94664,12
User2,2025-01-01 00:00:00Z,2025-01-15 23:59:59Z,FLOCK 4Q-34;Global-17;Global-18;Global-19;Landsat-8;SKYSAT-C11;SKYSAT-C13,2025-01-01|0338|-30.9343|150.9425|9,-27.9343,150.9425,12
User2,2025-01-01 00:00:00Z,2025-01-15 23:59:59Z,FLOCK 4Q-34;Global-17;Global-18;Global-19;Landsat-8;SKYSAT-C11;SKYSAT-C13,2025-01-01|0338|-30.9349|150.93839|10,-27.9349,150.93839,12
User2,2025-01-01 00:00:00Z,2025-01-15 23:59:59Z,FLOCK 4Q-34;Global-17;Global-18;Global-19;Landsat-8;SKYSAT-C11;SKYSAT-C13,2025-01-01|0338|-30.93159|150.93765|11,-27.93159,150.93765,12
User2,2025-01-01 00:00:00Z,2025-01-15 23:59:59Z,FLOCK 4Q-34;Global-17;Global-18;Global-19;Landsat-8;SKYSAT-C11;SKYSAT-C13,2025-01-01|0338|-30.93218|150.93355|12,-27.93218,150.93355,12
User2,2025-01-01 00:00:00Z,2025-01-15 23:59:59Z,FLOCK 4Q-34;Global-17;Global-18;Global-19;Landsat-8;SKYSAT-C11;SKYSAT-C13,2025-01-01|1456|-30.98389|152.7645|13,-27.98389,152.7645,12
User2,2025-01-01 00:00:00Z,2025-01-15 23:59:59Z,FLOCK 4Q-34;Global-17;Global-18;Global-19;Landsat-8;SKYSAT-C11;SKYSAT-C13,2025-01-01|1456|-30.93165|150.94965|14,-27.93165,150.94965,12
User2,2025-01-01 00:00:00Z,2025-01-15 23:59:59Z,FLOCK 4Q-34;Global-17;Global-18;Global-19;Landsat-8;SKYSAT-C11;SKYSAT-C13,2025-01-01|1456|-30.94804|150.91194|15,-27.94804,150.91194,12
User2,2025-01-01 00:00:00Z,2025-01-15 23:59:59Z,FLOCK 4Q-34;Global-17;Global-18;Global-19;Landsat-8;SKYSAT-C11;SKYSAT-C13,2025-01-01|1456|-30.94873|150.91612|16,-27.94873,150.91612,12
User2,2025-01-01 00:00:00Z,2025-01-15 23:59:59Z,FLOCK 4Q-34;Global-17;Global-18;Global-19;Landsat-8;SKYSAT-C11;SKYSAT-C13,2025-01-01|1456|-30.95137|150.91121|17,-27.95137,150.91121,12
User2,2025-01-01 00:00:00Z,2025-01-15 23:59:59Z,FLOCK 4Q-34;Global-17;Global-18;Global-19;Landsat-8;SKYSAT-C11;SKYSAT-C13,2025-01-01|1456|-30.95207|150.91536|18,-27.95207,150.91536,12
User2,2025-01-01 00:00:00Z,2025-01-15 23:59:59Z,FLOCK 4Q-34;Global-17;Global-18;Global-19;Landsat-8;SKYSAT-C11;SKYSAT-C13,2025-01-01|1456|-30.9554|150.91463|19,-27.9554,150.91463,12
User2,2025-01-01 00:00:00Z,2025-01-15 23:59:59Z,FLOCK 4Q-34;Global-17;Global-18;Global-19;Landsat-8;SKYSAT-C11;SKYSAT-C13,2025-01-01|1456|-31.58613|151.77621|20,-28.58613,151.77621,12
User2,2025-01-01 00:00:00Z,2025-01-15 23:59:59Z,FLOCK 4Q-34;Global-17;Global-18;Global-19;Landsat-8;SKYSAT-C11;SKYSAT-C13,2025-01-01|1456|-31.59071|151.78357|21,-28.59071,151.78357,12
User2,2025-01-01 00:00:00Z,2025-01-15 23:59:59Z,FLOCK 4Q-34;Global-17;Global-18;Global-19;Landsat-8;SKYSAT-C11;SKYSAT-C13,2025-01-01|1456|-32.16838|152.15109|22,-29.16838,152.15109,12
User2,2025-01-01 00:00:00Z,2025-01-15 23:59:59Z,FLOCK 4Q-34;Global-17;Global-18;Global-19;Landsat-8;SKYSAT-C11;SKYSAT-C13,2025-01-01|1456|-32.1717|152.15039|23,-29.1717,152.15039,12
User2,2025-01-01 00:00:00Z,2025-01-15 23:59:59Z,FLOCK 4Q-34;Global-17;Global-18;Global-19;Landsat-8;SKYSAT-C11;SKYSAT-C13,2025-01-01|1456|-32.17438|152.1456|24,-29.17438,152.1456,12
User2,2025-01-01 00:00:00Z,2025-01-15 23:59:59Z,FLOCK 4Q-34;Global-17;Global-18;Global-19;Landsat-8;SKYSAT-C11;SKYSAT-C13,2025-01-01|1456|-32.17501|152.14967|25,-29.17501,152.14967,12
User2,2025-01-01 00:00:00Z,2025-01-15 23:59:59Z,FLOCK 4Q-34;Global-17;Global-18;Global-19;Landsat-8;SKYSAT-C11;SKYSAT-C13,2025-01-01|1456|-32.30082|151.9938|26,-29.30082,151.9938,12
User3,2025-01-01 00:00:00Z,2025-01-15 23:59:59Z,SENTINEL-1A;TERRA SAR X;ICEYE-X13,2025-01-01|0340|-26.30475|151.2682|0,-23.30475,151.2682,12
User3,2025-01-01 00:00:00Z,2025-01-15 23:59:59Z,SENTINEL-1A;TERRA SAR X;ICEYE-X13,2025-01-01|1454|-23.4111|145.59093|0,-20.4111,145.59093,12
User3,2025-01-01 00:00:00Z,2025-01-15 23:59:59Z,SENTINEL-1A;TERRA SAR X;ICEYE-X13,2025-01-01|0340|-24.57655|148.81088|0,-21.57655,148.81088,12
User3,2025-01-01 00:00:00Z,2025-01-15 23:59:59Z,SENTINEL-1A;TERRA SAR X;ICEYE-X13,2025-01-01|0340|-24.49726|149.19543|1,-21.49726,149.19543,12
User3,2025-01-01 00:00:00Z,2025-01-15 23:59:59Z,SENTINEL-1A;TERRA SAR X;ICEYE-X13,2025-01-01|0340|-24.53306|148.05087|2,-21.53306,148.05087,12
User3,2025-01-01 00:00:00Z,2025-01-15 23:59:59Z,SENTINEL-1A;TERRA SAR X;ICEYE-X13,2025-01-01|0340|-24.53363|148.04683|3,-21.53363,148.04683,12
User3,2025-01-01 00:00:00Z,2025-01-15 23:59:59Z,SENTINEL-1A;TERRA SAR X;ICEYE-X13,2025-01-01|0340|-24.52906|148.05438|4,-21.52906,148.05438,12
User3,2025-01-01 00:00:00Z,2025-01-15 23:59:59Z,SENTINEL-1A;TERRA SAR X;ICEYE-X13,2025-01-01|0340|-24.52962|148.05032|5,-21.52962,148.05032,12
User3,2025-01-01 00:00:00Z,2025-01-15 23:59:59Z,SENTINEL-1A;TERRA SAR X;ICEYE-X13,2025-01-01|0340|-24.52561|148.05383|6,-21.52561,148.05383,12
User3,2025-01-01 00:00:00Z,2025-01-15 23:59:59Z,SENTINEL-1A;TERRA SAR X;ICEYE-X13,2025-01-01|0340|-24.52618|148.0498|7,-21.52618,148.0498,12
User3,2025-01-01 00:00:00Z,2025-01-15 23:59:59Z,SENTINEL-1A;TERRA SAR X;ICEYE-X13,2025-01-01|0340|-24.41142|147.632|8,-21.41142,147.632,12
User3,2025-01-01 00:00:00Z,2025-01-15 23:59:59Z,SENTINEL-1A;TERRA SAR X;ICEYE-X13,2025-01-01|0340|-24.40793|147.63145|9,-21.40793,147.63145,12
User3,2025-01-01 00:00:00Z,2025-01-15 23:59:59Z,SENTINEL-1A;TERRA SAR X;ICEYE-X13,2025-01-01|0340|-23.68938|148.30609|10,-20.68938,148.30609,12
User3,2025-01-01 00:00:00Z,2025-01-15 23:59:59Z,SENTINEL-1A;TERRA SAR X;ICEYE-X13,2025-01-01|0340|-23.68994|148.30214|11,-20.68994,148.30214,12
User3,2025-01-01 00:00:00Z,2025-01-15 23:59:59Z,SENTINEL-1A;TERRA SAR X;ICEYE-X13,2025-01-01|0340|-23.66413|146.60208|12,-20.66413,146.60208,12
User3,2025-01-01 00:00:00Z,2025-01-15 23:59:59Z,SENTINEL-1A;TERRA SAR X;ICEYE-X13,2025-01-01|0340|-23.65993|146.60609|13,-20.65993,146.60609,12
User3,2025-01-01 00:00:00Z,2025-01-15 23:59:59Z,SENTINEL-1A;TERRA SAR X;ICEYE-X13,2025-01-01|0340|-23.43655|146.11357|14,-20.43655,146.11357,12
User3,2025-01-01 00:00:00Z,2025-01-15 23:59:59Z,SENTINEL-1A;TERRA SAR X;ICEYE-X13,2025-01-01|0340|-23.20611|146.28392|15,-20.20611,146.28392,12
User3,2025-01-01 00:00:00Z,2025-01-15 23:59:59Z,SENTINEL-1A;TERRA SAR X;ICEYE-X13,2025-01-01|0340|-23.21089|146.24707|16,-20.21089,146.24707,12
User3,2025-01-01 00:00:00Z,2025-01-15 23:59:59Z,SENTINEL-1A;TERRA SAR X;ICEYE-X13,2025-01-01|0340|-23.20245|146.28337|17,-20.20245,146.28337,12
User3,2025-01-01 00:00:00Z,2025-01-15 23:59:59Z,SENTINEL-1A;TERRA SAR X;ICEYE-X13,2025-01-01|0340|-23.19641|146.30122|18,-20.19641,146.30122,12
User3,2025-01-01 00:00:00Z,2025-01-15 23:59:59Z,SENTINEL-1A;TERRA SAR X;ICEYE-X13,2025-01-01|0340|-23.19929|146.25012|19,-20.19929,146.25012,12
User3,2025-01-01 00:00:00Z,2025-01-15 23:59:59Z,SENTINEL-1A;TERRA SAR X;ICEYE-X13,2025-01-01|0340|-23.20108|146.23627|20,-20.20108,146.23627,12
User3,2025-01-01 00:00:00Z,2025-01-15 23:59:59Z,SENTINEL-1A;TERRA SAR X;ICEYE-X13,2025-01-01|0340|-23.20711|146.18954|21,-20.20711,146.18954,12
User3,2025-01-01 00:00:00Z,2025-01-15 23:59:59Z,SENTINEL-1A;TERRA SAR X;ICEYE-X13,2025-01-01|0340|-23.18831|146.24846|22,-20.18831,146.24846,12
User3,2025-01-01 00:00:00Z,2025-01-15 23:59:59Z,SENTINEL-1A;TERRA SAR X;ICEYE-X13,2025-01-01|0340|-23.1889|146.24385|23,-20.1889,146.24385,12
User3,2025-01-01 00:00:00Z,2025-01-15 23:59:59Z,SENTINEL-1A;TERRA SAR X;ICEYE-X13,2025-01-01|0340|-23.18464|146.24789|24,-20.18464,146.24789,12
User3,2025-01-01 00:00:00Z,2025-01-15 23:59:59Z,SENTINEL-1A;TERRA SAR X;ICEYE-X13,2025-01-01|0340|-23.18524|146.24329|25,-20.18524,146.24329,12
User3,2025-01-01 00:00:00Z,2025-01-15 23:59:59Z,SENTINEL-1A;TERRA SAR X;ICEYE-X13,2025-01-01|0340|-23.18583|146.23866|26,-20.18583,146.23866,12
User3,2025-01-01 00:00:00Z,2025-01-15 23:59:59Z,SENTINEL-1A;TERRA SAR X;ICEYE-X13,2025-01-01|0340|-23.18642|146.23404|27,-20.18642,146.23404,12
User3,2025-01-01 00:00:00Z,2025-01-15 23:59:59Z,SENTINEL-1A;TERRA SAR X;ICEYE-X13,2025-01-01|0340|-23.18702|146.22943|28,-20.18702,146.22943,12
User3,2025-01-01 00:00:00Z,2025-01-15 23:59:59Z,SENTINEL-1A;TERRA SAR X;ICEYE-X13,2025-01-01|0340|-25.31419|149.7594|0,-22.31419,149.7594,12
User3,2025-01-01 00:00:00Z,2025-01-15 23:59:59Z,SENTINEL-1A;TERRA SAR X;ICEYE-X13,2025-01-01|0340|-25.30471|149.7774|1,-22.30471,149.7774,12
User3,2025-01-01 00:00:00Z,2025-01-15 23:59:59Z,SENTINEL-1A;TERRA SAR X;ICEYE-X13,2025-01-01|0340|-25.28811|149.77444|2,-22.28811,149.77444,12
User3,2025-01-01 00:00:00Z,2025-01-15 23:59:59Z,SENTINEL-1A;TERRA SAR X;ICEYE-X13,2025-01-01|0340|-25.28535|149.77002|3,-22.28535,149.77002,12
User3,2025-01-01 00:00:00Z,2025-01-15 23:59:59Z,SENTINEL-1A;TERRA SAR X;ICEYE-X13,2025-01-01|0340|-25.27984|149.76114|4,-22.27984,149.76114,12
User3,2025-01-01 00:00:00Z,2025-01-15 23:59:59Z,SENTINEL-1A;TERRA SAR X;ICEYE-X13,2025-01-01|0340|-25.27708|149.7567|5,-22.27708,149.7567,12
User3,2025-01-01 00:00:00Z,2025-01-15 23:59:59Z,SENTINEL-1A;TERRA SAR X;ICEYE-X13,2025-01-01|0340|-25.27652|149.76056|6,-22.27652,149.76056,12
User3,2025-01-01 00:00:00Z,2025-01-15 23:59:59Z,SENTINEL-1A;TERRA SAR X;ICEYE-X13,2025-01-01|0340|-25.27376|149.75613|7,-22.27376,149.75613,12
User3,2025-01-01 00:00:00Z,2025-01-15 23:59:59Z,SENTINEL-1A;TERRA SAR X;ICEYE-X13,2025-01-01|0340|-25.271|149.75169|8,-22.271,149.75169,12
User3,2025-01-01 00:00:00Z,2025-01-15 23:59:59Z,SENTINEL-1A;TERRA SAR X;ICEYE-X13,2025-01-01|0340|-24.61772|150.14676|9,-21.61772,150.14676,12
User3,2025-01-01 00:00:00Z,2025-01-15 23:59:59Z,SENTINEL-1A;TERRA SAR X;ICEYE-X13,2025-01-01|0340|-24.6183|150.14297|10,-21.6183,150.14297,12
User3,2025-01-01 00:00:00Z,2025-01-15 23:59:59Z,SENTINEL-1A;TERRA SAR X;ICEYE-X13,2025-01-01|0340|-24.61384|150.14995|11,-21.61384,150.14995,12
User3,2025-01-01 00:00:00Z,2025-01-15 23:59:59Z,SENTINEL-1A;TERRA SAR X;ICEYE-X13,2025-01-01|0340|-24.61442|150.14616|12,-21.61442,150.14616,12
User3,2025-01-01 00:00:00Z,2025-01-15 23:59:59Z,SENTINEL-1A;TERRA SAR X;ICEYE-X13,2025-01-01|0340|-24.61499|150.14238|13,-21.61499,150.14238,12
User3,2025-01-01 00:00:00Z,2025-01-15 23:59:59Z,SENTINEL-1A;TERRA SAR X;ICEYE-X13,2025-01-01|0340|-23.93531|151.03777|14,-20.93531,151.03777,12
User3,2025-01-01 00:00:00Z,2025-01-15 23:59:59Z,SENTINEL-1A;TERRA SAR X;ICEYE-X13,2025-01-01|0340|-23.93592|151.03394|15,-20.93592,151.03394,12
User3,2025-01-01 00:00:00Z,2025-01-15 23:59:59Z,SENTINEL-1A;TERRA SAR X;ICEYE-X13,2025-01-01|0340|-23.82897|151.15155|16,-20.82897,151.15155,12
User3,2025-01-01 00:00:00Z,2025-01-15 23:59:59Z,SENTINEL-1A;TERRA SAR X;ICEYE-X13,2025-01-01|0340|-22.6755|145.5815|0,-19.6755,145.5815,12
User3,2025-01-01 00:00:00Z,2025-01-15 23:59:59Z,SENTINEL-1A;TERRA SAR X;ICEYE-X13,2025-01-01|0340|-22.67173|145.58095|1,-19.67173,145.58095,12
User3,2025-01-01 00:00:00Z,2025-01-15 23:59:59Z,SENTINEL-1A;TERRA SAR X;ICEYE-X13,2025-01-01|0340|-22.66796|145.58041|2,-19.66796,145.58041,12
User3,2025-01-01 00:00:00Z,2025-01-15 23:59:59Z,SENTINEL-1A;TERRA SAR X;ICEYE-X13,2025-01-01|0340|-22.66483|145.57491|3,-19.66483,145.57491,12
User3,2025-01-01 00:00:00Z,2025-01-15 23:59:59Z,SENTINEL-1A;TERRA SAR X;ICEYE-X13,2025-01-01|0340|-22.66169|145.5694|4,-19.66169,145.5694,12
User3,2025-01-01 00:00:00Z,2025-01-15 23:59:59Z,SENTINEL-1A;TERRA SAR X;ICEYE-X13,2025-01-01|0340|-22.66232|145.56445|5,-19.66232,145.56445,12
User3,2025-01-01 00:00:00Z,2025-01-15 23:59:59Z,SENTINEL-1A;TERRA SAR X;ICEYE-X13,2025-01-01|0340|-22.65855|145.56389|6,-19.65855,145.56389,12
User3,2025-01-01 00:00:00Z,2025-01-15 23:59:59Z,SENTINEL-1A;TERRA SAR X;ICEYE-X13,2025-01-01|0340|-23.18179|146.29901|0,-20.18179,146.29901,12
User3,2025-01-01 00:00:00Z,2025-01-15 23:59:59Z,SENTINEL-1A;TERRA SAR X;ICEYE-X13,2025-01-01|0340|-23.17507|146.29333|1,-20.17507,146.29333,12
User3,2025-01-01 00:00:00Z,2025-01-15 23:59:59Z,SENTINEL-1A;TERRA SAR X;ICEYE-X13,2025-01-01|0340|-23.18216|146.23811|2,-20.18216,146.23811,12
User3,2025-01-01 00:00:00Z,2025-01-15 23:59:59Z,SENTINEL-1A;TERRA SAR X;ICEYE-X13,2025-01-01|0340|-23.17142|146.29277|3,-20.17142,146.29277,12
User3,2025-01-01 00:00:00Z,2025-01-15 23:59:59Z,SENTINEL-1A;TERRA SAR X;ICEYE-X13,2025-01-01|0340|-23.17201|146.28818|4,-20.17201,146.28818,12
User3,2025-01-01 00:00:00Z,2025-01-15 23:59:59Z,SENTINEL-1A;TERRA SAR X;ICEYE-X13,2025-01-01|0340|-22.63384|146.38689|5,-19.63384,146.38689,12
User3,2025-01-01 00:00:00Z,2025-01-15 23:59:59Z,SENTINEL-1A;TERRA SAR X;ICEYE-X13,2025-01-01|0340|-22.63325|146.39136|6,-19.63325,146.39136,12
User3,2025-01-01 00:00:00Z,2025-01-15 23:59:59Z,SENTINEL-1A;TERRA SAR X;ICEYE-X13,2025-01-01|0340|-22.63032|146.4137|7,-19.63032,146.4137,12
User3,2025-01-01 00:00:00Z,2025-01-15 23:59:59Z,SENTINEL-1A;TERRA SAR X;ICEYE-X13,2025-01-01|0340|-22.63804|146.38297|8,-19.63804,146.38297,12
User3,2025-01-01 00:00:00Z,2025-01-15 23:59:59Z,SENTINEL-1A;TERRA SAR X;ICEYE-X13,2025-01-01|0340|-22.63745|146.38744|9,-19.63745,146.38744,12
User3,2025-01-01 00:00:00Z,2025-01-15 23:59:59Z,SENTINEL-1A;TERRA SAR X;ICEYE-X13,2025-01-01|0340|-22.63452|146.40977|10,-19.63452,146.40977,12
User3,2025-01-01 00:00:00Z,2025-01-15 23:59:59Z,SENTINEL-1A;TERRA SAR X;ICEYE-X13,2025-01-01|0340|-22.63393|146.41425|11,-19.63393,146.41425,12
User3,2025-01-01 00:00:00Z,2025-01-15 23:59:59Z,SENTINEL-1A;TERRA SAR X;ICEYE-X13,2025-01-01|0340|-22.64107|146.38799|12,-19.64107,146.38799,12
User3,2025-01-01 00:00:00Z,2025-01-15 23:59:59Z,SENTINEL-1A;TERRA SAR X;ICEYE-X13,2025-01-01|0340|-22.63813|146.41032|13,-19.63813,146.41032,12
User3,2025-01-01 00:00:00Z,2025-01-15 23:59:59Z,SENTINEL-1A;TERRA SAR X;ICEYE-X13,2025-01-01|0340|-22.76202|146.05856|14,-19.76202,146.05856,12
User3,2025-01-01 00:00:00Z,2025-01-15 23:59:59Z,SENTINEL-1A;TERRA SAR X;ICEYE-X13,2025-01-01|0340|-22.73458|147.63596|15,-19.73458,147.63596,12
User3,2025-01-01 00:00:00Z,2025-01-15 23:59:59Z,SENTINEL-1A;TERRA SAR X;ICEYE-X13,2025-01-01|0340|-23.17189|146.26003|16,-20.17189,146.26003,12
User3,2025-01-01 00:00:00Z,2025-01-15 23:59:59Z,SENTINEL-1A;TERRA SAR X;ICEYE-X13,2025-01-01|0340|-23.1713|146.26462|17,-20.1713,146.26462,12
User3,2025-01-01 00:00:00Z,2025-01-15 23:59:59Z,SENTINEL-1A;TERRA SAR X;ICEYE-X13,2025-01-01|0340|-23.16718|146.29683|18,-20.16718,146.29683,12
User3,2025-01-01 00:00:00Z,2025-01-15 23:59:59Z,SENTINEL-1A;TERRA SAR X;ICEYE-X13,2025-01-01|0340|-23.17614|146.256|19,-20.17614,146.256,12
User3,2025-01-01 00:00:00Z,2025-01-15 23:59:59Z,SENTINEL-1A;TERRA SAR X;ICEYE-X13,2025-01-01|0340|-23.17555|146.26059|20,-20.17555,146.26059,12
User3,2025-01-01 00:00:00Z,2025-01-15 23:59:59Z,SENTINEL-1A;TERRA SAR X;ICEYE-X13,2025-01-01|0340|-22.54722|146.4478|21,-19.54722,146.4478,12
User3,2025-01-01 00:00:00Z,2025-01-15 23:59:59Z,SENTINEL-1A;TERRA SAR X;ICEYE-X13,2025-01-01|0340|-22.54303|146.45171|22,-19.54303,146.45171,12
User3,2025-01-01 00:00:00Z,2025-01-15 23:59:59Z,SENTINEL-1A;TERRA SAR X;ICEYE-X13,2025-01-01|0340|-22.54362|146.44727|23,-19.54362,146.44727,12
User3,2025-01-01 00:00:00Z,2025-01-15 23:59:59Z,SENTINEL-1A;TERRA SAR X;ICEYE-X13,2025-01-01|0340|-22.55142|146.44389|24,-19.55142,146.44389,12
User3,2025-01-01 00:00:00Z,2025-01-15 23:59:59Z,SENTINEL-1A;TERRA SAR X;ICEYE-X13,2025-01-01|0340|-22.62671|146.41315|25,-19.62671,146.41315,12
User3,2025-01-01 00:00:00Z,2025-01-15 23:59:59Z,SENTINEL-1A;TERRA SAR X;ICEYE-X13,2025-01-01|0340|-22.6231|146.4126|26,-19.6231,146.4126,12
User3,2025-01-01 00:00:00Z,2025-01-15 23:59:59Z,SENTINEL-1A;TERRA SAR X;ICEYE-X13,2025-01-01|0340|-22.61949|146.41206|27,-19.61949,146.41206,12
User3,2025-01-01 00:00:00Z,2025-01-15 23:59:59Z,SENTINEL-1A;TERRA SAR X;ICEYE-X13,2025-01-01|0340|-22.61588|146.41151|28,-19.61588,146.41151,12
User3,2025-01-01 00:00:00Z,2025-01-15 23:59:59Z,SENTINEL-1A;TERRA SAR X;ICEYE-X13,2025-01-01|0340|-22.61646|146.40703|29,-19.61646,146.40703,12
User3,2025-01-01 00:00:00Z,2025-01-15 23:59:59Z,SENTINEL-1A;TERRA SAR X;ICEYE-X13,2025-01-01|0340|-22.5664|146.41431|30,-19.5664,146.41431,12
User3,2025-01-01 00:00:00Z,2025-01-15 23:59:59Z,SENTINEL-1A;TERRA SAR X;ICEYE-X13,2025-01-01|0340|-22.87635|150.46042|0,-19.87635,150.46042,12
User3,2025-01-01 00:00:00Z,2025-01-15 23:59:59Z,SENTINEL-1A;TERRA SAR X;ICEYE-X13,2025-01-01|0340|-22.87304|150.45979|1,-19.87304,150.45979,12
User4,2025-01-01 00:00:00Z,2025-01-15 23:59:59Z,Global-17;Global-18;Global-19;SKYSAT-C11;SKYSAT-C13;Landsat-8,2025-01-01|0522|-21.59254|115.91343|0,-18.59254,115.91343,12
User4,2025-01-01 00:00:00Z,2025-01-15 23:59:59Z,Global-17;Global-18;Global-19;SKYSAT-C11;SKYSAT-C13;Landsat-8,2025-01-01|0522|-21.58768|115.91287|1,-18.58768,115.91287,12
User4,2025-01-01 00:00:00Z,2025-01-15 23:59:59Z,Global-17;Global-18;Global-19;SKYSAT-C11;SKYSAT-C13;Landsat-8,2025-01-01|0525|-20.61659|116.76594|2,-17.61659,116.76594,12
User4,2025-01-01 00:00:00Z,2025-01-15 23:59:59Z,Global-17;Global-18;Global-19;SKYSAT-C11;SKYSAT-C13;Landsat-8,2025-01-01|1637|-21.696|114.99111|3,-18.696,114.99111,12
User4,2025-01-01 00:00:00Z,2025-01-15 23:59:59Z,Global-17;Global-18;Global-19;SKYSAT-C11;SKYSAT-C13;Landsat-8,2025-01-01|1817|-19.4966|118.30183|0,-16.4966,118.30183,12
User4,2025-01-01 00:00:00Z,2025-01-15 23:59:59Z,Global-17;Global-18;Global-19;SKYSAT-C11;SKYSAT-C13;Landsat-8,2025-01-01|0525|-18.30296|125.74907|0,-15.30296,125.74907,12
User4,2025-01-01 00:00:00Z,2025-01-15 23:59:59Z,Global-17;Global-18;Global-19;SKYSAT-C11;SKYSAT-C13;Landsat-8,2025-01-01|0525|-18.48895|124.10912|1,-15.48895,124.10912,12
User4,2025-01-01 00:00:00Z,2025-01-15 23:59:59Z,Global-17;Global-18;Global-19;SKYSAT-C11;SKYSAT-C13;Landsat-8,2025-01-01|0525|-18.48677|124.10123|2,-15.48677,124.10123,12
User4,2025-01-01 00:00:00Z,2025-01-15 23:59:59Z,Global-17;Global-18;Global-19;SKYSAT-C11;SKYSAT-C13;Landsat-8,2025-01-01|0525|-18.47853|124.08857|3,-15.47853,124.08857,12
User4,2025-01-01 00:00:00Z,2025-01-15 23:59:59Z,Global-17;Global-18;Global-19;SKYSAT-C11;SKYSAT-C13;Landsat-8,2025-01-01|0525|-18.4791|124.08491|4,-15.4791,124.08491,12
User4,2025-01-01 00:00:00Z,2025-01-15 23:59:59Z,Global-17;Global-18;Global-19;SKYSAT-C11;SKYSAT-C13;Landsat-8,2025-01-01|0525|-18.44464|124.00027|5,-15.44464,124.00027,12
User4,2025-01-01 00:00:00Z,2025-01-15 23:59:59Z,Global-17;Global-18;Global-19;SKYSAT-C11;SKYSAT-C13;Landsat-8,2025-01-01|0525|-19.88857|124.18351|6,-16.88857,124.18351,12
User4,2025-01-01 00:00:00Z,2025-01-15 23:59:59Z,Global-17;Global-18;Global-19;SKYSAT-C11;SKYSAT-C13;Landsat-8,2025-01-01|0525|-15.87384|127.48047|0,-12.87384,127.48047,12
User4,2025-01-01 00:00:00Z,2025-01-15 23:59:59Z,Global-17;Global-18;Global-19;SKYSAT-C11;SKYSAT-C13;Landsat-8,2025-01-01|0525|-15.86732|127.4949|1,-12.86732,127.4949,12
User4,2025-01-01 00:00:00Z,2025-01-15 23:59:59Z,Global-17;Global-18;Global-19;SKYSAT-C11;SKYSAT-C13;Landsat-8,2025-01-01|0525|-15.8682|127.48984|2,-12.8682,127.48984,12
User4,2025-01-01 00:00:00Z,2025-01-15 23:59:59Z,Global-17;Global-18;Global-19;SKYSAT-C11;SKYSAT-C13;Landsat-8,2025-01-01|0525|-15.86908|127.48479|3,-12.86908,127.48479,12
User4,2025-01-01 00:00:00Z,2025-01-15 23:59:59Z,Global-17;Global-18;Global-19;SKYSAT-C11;SKYSAT-C13;Landsat-8,2025-01-01|0525|-15.86254|127.49932|4,-12.86254,127.49932,12
User4,2025-01-01 00:00:00Z,2025-01-15 23:59:59Z,Global-17;Global-18;Global-19;SKYSAT-C11;SKYSAT-C13;Landsat-8,2025-01-01|0525|-15.86518|127.48408|5,-12.86518,127.48408,12
User4,2025-01-01 00:00:00Z,2025-01-15 23:59:59Z,Global-17;Global-18;Global-19;SKYSAT-C11;SKYSAT-C13;Landsat-8,2025-01-01|0525|-15.85774|127.50377|6,-12.85774,127.50377,12
User4,2025-01-01 00:00:00Z,2025-01-15 23:59:59Z,Global-17;Global-18;Global-19;SKYSAT-C11;SKYSAT-C13;Landsat-8,2025-01-01|0525|-15.85863|127.49866|7,-12.85863,127.49866,12
User4,2025-01-01 00:00:00Z,2025-01-15 23:59:59Z,Global-17;Global-18;Global-19;SKYSAT-C11;SKYSAT-C13;Landsat-8,2025-01-01|0525|-15.85384|127.50311|8,-12.85384,127.50311,12
User4,2025-01-01 00:00:00Z,2025-01-15 23:59:59Z,Global-17;Global-18;Global-19;SKYSAT-C11;SKYSAT-C13;Landsat-8,2025-01-01|0525|-15.84993|127.50242|9,-12.84993,127.50242,12
User4,2025-01-01 00:00:00Z,2025-01-15 23:59:59Z,Global-17;Global-18;Global-19;SKYSAT-C11;SKYSAT-C13;Landsat-8,2025-01-01|0525|-15.85172|127.4922|10,-12.85172,127.4922,12
User4,2025-01-01 00:00:00Z,2025-01-15 23:59:59Z,Global-17;Global-18;Global-19;SKYSAT-C11;SKYSAT-C13;Landsat-8,2025-01-01|0525|-15.89995|127.45036|11,-12.89995,127.45036,12
User4,2025-01-01 00:00:00Z,2025-01-15 23:59:59Z,Global-17;Global-18;Global-19;SKYSAT-C11;SKYSAT-C13;Landsat-8,2025-01-01|0525|-15.89607|127.44965|12,-12.89607,127.44965,12
User4,2025-01-01 00:00:00Z,2025-01-15 23:59:59Z,Global-17;Global-18;Global-19;SKYSAT-C11;SKYSAT-C13;Landsat-8,2025-01-01|0525|-15.89854|127.45353|13,-12.89854,127.45353,12
User4,2025-01-01 00:00:00Z,2025-01-15 23:59:59Z,Global-17;Global-18;Global-19;SKYSAT-C11;SKYSAT-C13;Landsat-8,2025-01-01|0525|-15.87472|127.4754|14,-12.87472,127.4754,12
